SN,R1(бу),R2(бу),Height(mm),Water level(mm)
1,0,0,-25,188.68
2,0,0,-28,188.68
3,0,0,-31,188.68
4,0,0,-34,188.68
5,0,0,-37,188.68
6,0,0,-40,188.68
7,0,0,-43,188.68
8,0,0,-46,188.68
9,0,0,-49,188.8
10,0,0,-52,188.92
11,0,0,-55,189.08
12,0,0,-58,189.2
13,0,0,-61,189.2
14,0,0,-64,189.08
15,0,0,-67,189.32
16,0,0,-70,189.6
17,0,0,-73,189.44
18,0,0,-76,189.44
19,0,0,-79,189.36
20,0,0,-82,189.44
21,0,0,-85,189.44
22,0,0,-88,189.44
23,0,0,-91,189.52
24,0,0,-94,189.64
25,0,0,-97,189.68
26,0,0,-100,189.72
27,0,0,-103,189.8
28,0,0,-106,189.92
29,0,0,-109,190.04
30,0,0,-112,190.08
31,0,0,-115,190.16
32,0,0,-118,190.24
33,0,0,-121,190.32
34,0,0,-124,190.4
35,0,0,-127,190.44
36,0,0,-130,190.48
37,0,0,-133,190.52
38,0,0,-136,190.56
39,0,0,-139,190.6
40,0,0,-142,190.68
41,0,0,-145,190.72
42,0,0,-148,190.8
43,0,0,-151,190.84
44,0,0,-154,190.92
45,0,0,-157,190.96
46,0,0,-160,191.08
47,0,0,-163,191.2
48,0,0,-166,191.32
49,0,0,-169,191.48
50,0,0,-172,191.64
51,0,0,-175,191.8
52,0,0,-178,191.96
53,0,0,-181,192.12
54,0,0,-184,192.24
55,0,0,-187,192.44
56,0,0,-190,192.6
57,0,0,-193,192.76
58,0,0,-196,192.92
59,0,0,-199,193
60,0,0,-202,193.24
61,0,0,-205,193.4
62,0,0,-208,193.52
63,0,0,-211,193.72
64,0,0,-214,193.8
65,0,0,-217,193.96
66,0,0,-220,194.16
67,0,0,-223,194.28
68,0,0,-226,194.48
69,0,0,-229,194.64
70,0,0,-232,194.76
71,0,0,-235,194.92
72,0,0,-238,195.08
73,0,0,-241,195.2
74,0,0,-244,195.36
75,0,0,-247,195.48
76,0,0,-250,195.56
77,0,0,-253,195.72
78,0,0,-256,195.84
79,0,0,-259,195.96
80,0,0,-262,196.08
81,0,0,-265,196.2
82,0,0,-268,196.32
83,0,0,-271,196.4
84,0,0,-274,196.52
85,0,0,-277,196.6
86,0,0,-280,196.64
87,0,0,-283,196.8
88,0,0,-286,196.96
89,0,0,-289,197.16
90,0,0,-292,197.56
91,0,0,-295,198.08
92,0,0,-298,198.48
93,0,0,-301,198.68
94,0,0,-304,198.56
95,0,0,-307,198.72
96,0,0,-310,198.8
97,0,0,-313,198.72
98,0,0,-316,198.76
99,0,0,-319,198.76
100,0,0,-322,198.8
101,0,0,-325,198.8
102,0,0,-328,198.8
103,0,0,-331,198.8
104,0,0,-334,198.76
105,0,0,-337,198.8
106,0,0,-340,198.84
107,0,0,-343,198.84
108,0,0,-346,198.84
109,0,0,-349,198.88
110,0,0,-352,198.92
111,0,0,-355,198.92
112,0,20,-25,188.56
113,0,20,-28,188.48
114,0,20,-31,188.56
115,0,20,-34,188.52
116,0,20,-37,188.52
117,0,20,-40,188.52
118,0,20,-43,188.52
119,0,20,-46,188.56
120,0,20,-49,188.72
121,0,20,-52,188.84
122,0,20,-55,188.96
123,0,20,-58,189.04
124,0,20,-61,189.04
125,0,20,-64,188.92
126,0,20,-67,189.16
127,0,20,-70,189.4
128,0,20,-73,189.4
129,0,20,-76,189.36
130,0,20,-79,189.4
131,0,20,-82,189.36
132,0,20,-85,189.4
133,0,20,-88,189.48
134,0,20,-91,189.48
135,0,20,-94,189.56
136,0,20,-97,189.64
137,0,20,-100,189.72
138,0,20,-103,189.8
139,0,20,-106,189.88
140,0,20,-109,190
141,0,20,-112,190.08
142,0,20,-115,190.12
143,0,20,-118,190.2
144,0,20,-121,190.28
145,0,20,-124,190.36
146,0,20,-127,190.4
147,0,20,-130,190.44
148,0,20,-133,190.48
149,0,20,-136,190.56
150,0,20,-139,190.6
151,0,20,-142,190.68
152,0,20,-145,190.72
153,0,20,-148,190.76
154,0,20,-151,190.84
155,0,20,-154,190.88
156,0,20,-157,190.96
157,0,20,-160,191.04
158,0,20,-163,191.16
159,0,20,-166,191.28
160,0,20,-169,191.44
161,0,20,-172,191.6
162,0,20,-175,191.68
163,0,20,-178,191.84
164,0,20,-181,192
165,0,20,-184,192.2
166,0,20,-187,192.36
167,0,20,-190,192.52
168,0,20,-193,192.64
169,0,20,-196,192.88
170,0,20,-199,192.92
171,0,20,-202,193
172,0,20,-205,193.36
173,0,20,-208,193.48
174,0,20,-211,193.64
175,0,20,-214,193.8
176,0,20,-217,193.92
177,0,20,-220,194.08
178,0,20,-223,194.28
179,0,20,-226,194.44
180,0,20,-229,194.56
181,0,20,-232,194.72
182,0,20,-235,194.88
183,0,20,-238,194.96
184,0,20,-241,195.16
185,0,20,-244,195.24
186,0,20,-247,195.4
187,0,20,-250,195.52
188,0,20,-253,195.64
189,0,20,-256,195.76
190,0,20,-259,195.92
191,0,20,-262,196
192,0,20,-265,196.12
193,0,20,-268,196.24
194,0,20,-271,196.36
195,0,20,-274,196.4
196,0,20,-277,196.56
197,0,20,-280,196.6
198,0,20,-283,196.76
199,0,20,-286,196.88
200,0,20,-289,196.96
201,0,20,-292,197.52
202,0,20,-295,197.96
203,0,20,-298,198.4
204,0,20,-301,198.44
205,0,20,-304,198.6
206,0,20,-307,198.8
207,0,20,-310,198.8
208,0,20,-313,198.76
209,0,20,-316,198.76
210,0,20,-319,198.8
211,0,20,-322,198.8
212,0,20,-325,198.8
213,0,20,-328,198.8
214,0,20,-331,198.8
215,0,20,-334,198.76
216,0,20,-337,198.84
217,0,20,-340,198.8
218,0,20,-343,198.92
219,0,20,-346,198.92
220,0,20,-349,198.92
221,0,20,-352,198.92
222,0,20,-355,198.84
223,0,40,-25,188.6
224,0,40,-28,188.48
225,0,40,-31,188.48
226,0,40,-34,188.52
227,0,40,-37,188.52
228,0,40,-40,188.52
229,0,40,-43,188.52
230,0,40,-46,188.48
231,0,40,-49,188.64
232,0,40,-52,188.76
233,0,40,-55,188.88
234,0,40,-58,189.04
235,0,40,-61,189.04
236,0,40,-64,188.88
237,0,40,-67,189.12
238,0,40,-70,189.36
239,0,40,-73,189.4
240,0,40,-76,189.36
241,0,40,-79,189.36
242,0,40,-82,189.36
243,0,40,-85,189.4
244,0,40,-88,189.44
245,0,40,-91,189.48
246,0,40,-94,189.52
247,0,40,-97,189.6
248,0,40,-100,189.68
249,0,40,-103,189.72
250,0,40,-106,189.84
251,0,40,-109,189.92
252,0,40,-112,190.04
253,0,40,-115,190.12
254,0,40,-118,190.2
255,0,40,-121,190.24
256,0,40,-124,190.28
257,0,40,-127,190.36
258,0,40,-130,190.44
259,0,40,-133,190.48
260,0,40,-136,190.52
261,0,40,-139,190.6
262,0,40,-142,190.64
263,0,40,-145,190.68
264,0,40,-148,190.72
265,0,40,-151,190.8
266,0,40,-154,190.88
267,0,40,-157,190.96
268,0,40,-160,191.04
269,0,40,-163,191.12
270,0,40,-166,191.28
271,0,40,-169,191.4
272,0,40,-172,191.6
273,0,40,-175,191.68
274,0,40,-178,191.88
275,0,40,-181,192
276,0,40,-184,192.2
277,0,40,-187,192.36
278,0,40,-190,192.48
279,0,40,-193,192.68
280,0,40,-196,192.84
281,0,40,-199,193
282,0,40,-202,193.16
283,0,40,-205,193.32
284,0,40,-208,193.48
285,0,40,-211,193.64
286,0,40,-214,193.8
287,0,40,-217,193.96
288,0,40,-220,194.12
289,0,40,-223,194.24
290,0,40,-226,194.4
291,0,40,-229,194.56
292,0,40,-232,194.72
293,0,40,-235,194.84
294,0,40,-238,195
295,0,40,-241,195.08
296,0,40,-244,195.24
297,0,40,-247,195.36
298,0,40,-250,195.56
299,0,40,-253,195.64
300,0,40,-256,195.76
301,0,40,-259,195.92
302,0,40,-262,195.96
303,0,40,-265,196.12
304,0,40,-268,196.24
305,0,40,-271,196.32
306,0,40,-274,196.36
307,0,40,-277,196.48
308,0,40,-280,196.6
309,0,40,-283,196.72
310,0,40,-286,196.92
311,0,40,-289,196.96
312,0,40,-292,197.48
313,0,40,-295,197.96
314,0,40,-298,198.4
315,0,40,-301,198.44
316,0,40,-304,198.6
317,0,40,-307,198.76
318,0,40,-310,198.76
319,0,40,-313,198.56
320,0,40,-316,198.76
321,0,40,-319,198.76
322,0,40,-322,198.76
323,0,40,-325,198.8
324,0,40,-328,198.76
325,0,40,-331,198.8
326,0,40,-334,198.8
327,0,40,-337,198.72
328,0,40,-340,198.8
329,0,40,-343,198.84
330,0,40,-346,198.88
331,0,40,-349,198.92
332,0,40,-352,199.04
333,0,40,-355,198.84
334,0,60,-25,188.64
335,0,60,-28,188.44
336,0,60,-31,188.48
337,0,60,-34,188.48
338,0,60,-37,188.48
339,0,60,-40,188.48
340,0,60,-43,188.44
341,0,60,-46,188.52
342,0,60,-49,188.68
343,0,60,-52,188.8
344,0,60,-55,188.88
345,0,60,-58,189.04
346,0,60,-61,189
347,0,60,-64,188.88
348,0,60,-67,189.04
349,0,60,-70,189.36
350,0,60,-73,189.4
351,0,60,-76,189.36
352,0,60,-79,189.36
353,0,60,-82,189.36
354,0,60,-85,189.4
355,0,60,-88,189.44
356,0,60,-91,189.48
357,0,60,-94,189.48
358,0,60,-97,189.56
359,0,60,-100,189.64
360,0,60,-103,189.72
361,0,60,-106,189.84
362,0,60,-109,189.92
363,0,60,-112,189.96
364,0,60,-115,190.08
365,0,60,-118,190.16
366,0,60,-121,190.24
367,0,60,-124,190.28
368,0,60,-127,190.36
369,0,60,-130,190.4
370,0,60,-133,190.44
371,0,60,-136,190.48
372,0,60,-139,190.52
373,0,60,-142,190.6
374,0,60,-145,190.64
375,0,60,-148,190.72
376,0,60,-151,190.76
377,0,60,-154,190.84
378,0,60,-157,190.92
379,0,60,-160,191
380,0,60,-163,191.12
381,0,60,-166,191.24
382,0,60,-169,191.4
383,0,60,-172,191.56
384,0,60,-175,191.68
385,0,60,-178,191.84
386,0,60,-181,192
387,0,60,-184,192.16
388,0,60,-187,192.32
389,0,60,-190,192.48
390,0,60,-193,192.6
391,0,60,-196,192.8
392,0,60,-199,192.96
393,0,60,-202,193.12
394,0,60,-205,193.28
395,0,60,-208,193.44
396,0,60,-211,193.6
397,0,60,-214,193.72
398,0,60,-217,193.88
399,0,60,-220,194.08
400,0,60,-223,194.2
401,0,60,-226,194.4
402,0,60,-229,194.52
403,0,60,-232,194.64
404,0,60,-235,194.8
405,0,60,-238,194.96
406,0,60,-241,195.12
407,0,60,-244,195.24
408,0,60,-247,195.36
409,0,60,-250,195.48
410,0,60,-253,195.6
411,0,60,-256,195.76
412,0,60,-259,195.84
413,0,60,-262,195.96
414,0,60,-265,196.04
415,0,60,-268,196.16
416,0,60,-271,196.28
417,0,60,-274,196.36
418,0,60,-277,196.44
419,0,60,-280,196.6
420,0,60,-283,196.68
421,0,60,-286,196.88
422,0,60,-289,197
423,0,60,-292,197.44
424,0,60,-295,197.96
425,0,60,-298,198.4
426,0,60,-301,198.4
427,0,60,-304,198.56
428,0,60,-307,198.72
429,0,60,-310,198.72
430,0,60,-313,198.76
431,0,60,-316,198.68
432,0,60,-319,198.72
433,0,60,-322,198.76
434,0,60,-325,198.72
435,0,60,-328,198.76
436,0,60,-331,198.76
437,0,60,-334,198.76
438,0,60,-337,198.76
439,0,60,-340,198.8
440,0,60,-343,198.76
441,0,60,-346,198.84
442,0,60,-349,198.72
443,0,60,-352,198.76
444,0,60,-355,198.88
445,5,0,-25,188.52
446,5,0,-28,188.56
447,5,0,-31,188.6
448,5,0,-34,188.56
449,5,0,-37,188.56
450,5,0,-40,188.52
451,5,0,-43,188.56
452,5,0,-46,188.56
453,5,0,-49,188.64
454,5,0,-52,188.76
455,5,0,-55,188.88
456,5,0,-58,188.96
457,5,0,-61,189
458,5,0,-64,189.04
459,5,0,-67,189.08
460,5,0,-70,189.2
461,5,0,-73,189.28
462,5,0,-76,189.32
463,5,0,-79,189.32
464,5,0,-82,189.32
465,5,0,-85,189.32
466,5,0,-88,189.36
467,5,0,-91,189.4
468,5,0,-94,189.44
469,5,0,-97,189.48
470,5,0,-100,189.6
471,5,0,-103,189.64
472,5,0,-106,189.72
473,5,0,-109,189.8
474,5,0,-112,189.88
475,5,0,-115,190
476,5,0,-118,190.08
477,5,0,-121,190.16
478,5,0,-124,190.24
479,5,0,-127,190.28
480,5,0,-130,190.32
481,5,0,-133,190.4
482,5,0,-136,190.48
483,5,0,-139,190.52
484,5,0,-142,190.56
485,5,0,-145,190.6
486,5,0,-148,190.64
487,5,0,-151,190.68
488,5,0,-154,190.76
489,5,0,-157,190.84
490,5,0,-160,190.92
491,5,0,-163,191.04
492,5,0,-166,191.16
493,5,0,-169,191.28
494,5,0,-172,191.44
495,5,0,-175,191.6
496,5,0,-178,191.72
497,5,0,-181,191.88
498,5,0,-184,192
499,5,0,-187,192.2
500,5,0,-190,192.36
501,5,0,-193,192.52
502,5,0,-196,192.64
503,5,0,-199,192.84
504,5,0,-202,193
505,5,0,-205,193.2
506,5,0,-208,193.32
507,5,0,-211,193.44
508,5,0,-214,193.64
509,5,0,-217,193.8
510,5,0,-220,193.96
511,5,0,-223,194.12
512,5,0,-226,194.28
513,5,0,-229,194.44
514,5,0,-232,194.56
515,5,0,-235,194.72
516,5,0,-238,194.84
517,5,0,-241,195
518,5,0,-244,195.12
519,5,0,-247,195.24
520,5,0,-250,195.36
521,5,0,-253,195.52
522,5,0,-256,195.6
523,5,0,-259,195.76
524,5,0,-262,195.88
525,5,0,-265,196
526,5,0,-268,196.12
527,5,0,-271,196.24
528,5,0,-274,196.32
529,5,0,-277,196.4
530,5,0,-280,196.52
531,5,0,-283,196.6
532,5,0,-286,196.8
533,5,0,-289,197.04
534,5,0,-292,197.32
535,5,0,-295,197.6
536,5,0,-298,197.96
537,5,0,-301,198.28
538,5,0,-304,198.48
539,5,0,-307,198.6
540,5,0,-310,198.68
541,5,0,-313,198.6
542,5,0,-316,198.72
543,5,0,-319,198.72
544,5,0,-322,198.72
545,5,0,-325,198.72
546,5,0,-328,198.72
547,5,0,-331,198.72
548,5,0,-334,198.76
549,5,0,-337,198.76
550,5,0,-340,198.76
551,5,0,-343,198.8
552,5,0,-346,198.8
553,5,0,-349,198.8
554,5,0,-352,198.8
555,5,0,-355,198.84
556,5,20,-25,188.52
557,5,20,-28,188.52
558,5,20,-31,188.52
559,5,20,-34,188.52
560,5,20,-37,188.52
561,5,20,-40,188.52
562,5,20,-43,188.52
563,5,20,-46,188.52
564,5,20,-49,188.6
565,5,20,-52,188.68
566,5,20,-55,188.8
567,5,20,-58,188.88
568,5,20,-61,188.96
569,5,20,-64,189
570,5,20,-67,189.08
571,5,20,-70,189.16
572,5,20,-73,189.24
573,5,20,-76,189.28
574,5,20,-79,189.32
575,5,20,-82,189.32
576,5,20,-85,189.32
577,5,20,-88,189.36
578,5,20,-91,189.4
579,5,20,-94,189.44
580,5,20,-97,189.48
581,5,20,-100,189.48
582,5,20,-103,189.6
583,5,20,-106,189.68
584,5,20,-109,189.76
585,5,20,-112,189.84
586,5,20,-115,189.96
587,5,20,-118,190
588,5,20,-121,190.08
589,5,20,-124,190.16
590,5,20,-127,190.24
591,5,20,-130,190.32
592,5,20,-133,190.36
593,5,20,-136,190.4
594,5,20,-139,190.48
595,5,20,-142,190.52
596,5,20,-145,190.56
597,5,20,-148,190.6
598,5,20,-151,190.68
599,5,20,-154,190.76
600,5,20,-157,190.84
601,5,20,-160,190.92
602,5,20,-163,191
603,5,20,-166,191.12
604,5,20,-169,191.24
605,5,20,-172,191.4
606,5,20,-175,191.52
607,5,20,-178,191.72
608,5,20,-181,191.84
609,5,20,-184,192
610,5,20,-187,192.16
611,5,20,-190,192.32
612,5,20,-193,192.48
613,5,20,-196,192.6
614,5,20,-199,192.8
615,5,20,-202,192.96
616,5,20,-205,193.16
617,5,20,-208,193.28
618,5,20,-211,193.44
619,5,20,-214,193.6
620,5,20,-217,193.76
621,5,20,-220,193.92
622,5,20,-223,194.04
623,5,20,-226,194.24
624,5,20,-229,194.48
625,5,20,-232,194.56
626,5,20,-235,194.72
627,5,20,-238,194.8
628,5,20,-241,194.96
629,5,20,-244,195.12
630,5,20,-247,195.24
631,5,20,-250,195.4
632,5,20,-253,195.52
633,5,20,-256,195.6
634,5,20,-259,195.76
635,5,20,-262,195.84
636,5,20,-265,196
637,5,20,-268,196.08
638,5,20,-271,196.16
639,5,20,-274,196.28
640,5,20,-277,196.36
641,5,20,-280,196.44
642,5,20,-283,196.6
643,5,20,-286,196.8
644,5,20,-289,197.08
645,5,20,-292,197.28
646,5,20,-295,197.64
647,5,20,-298,198
648,5,20,-301,198.2
649,5,20,-304,198.4
650,5,20,-307,198.56
651,5,20,-310,198.68
652,5,20,-313,198.72
653,5,20,-316,198.72
654,5,20,-319,198.72
655,5,20,-322,198.72
656,5,20,-325,198.68
657,5,20,-328,198.72
658,5,20,-331,198.72
659,5,20,-334,198.72
660,5,20,-337,198.76
661,5,20,-340,198.76
662,5,20,-343,198.76
663,5,20,-346,198.88
664,5,20,-349,198.8
665,5,20,-352,198.8
666,5,20,-355,198.8
667,5,40,-25,188.48
668,5,40,-28,188.52
669,5,40,-31,188.52
670,5,40,-34,188.48
671,5,40,-37,188.52
672,5,40,-40,188.52
673,5,40,-43,188.52
674,5,40,-46,188.52
675,5,40,-49,188.6
676,5,40,-52,188.68
677,5,40,-55,188.8
678,5,40,-58,188.84
679,5,40,-61,188.96
680,5,40,-64,188.96
681,5,40,-67,189.04
682,5,40,-70,189.12
683,5,40,-73,189.2
684,5,40,-76,189.28
685,5,40,-79,189.32
686,5,40,-82,189.28
687,5,40,-85,189.28
688,5,40,-88,189.32
689,5,40,-91,189.36
690,5,40,-94,189.44
691,5,40,-97,189.48
692,5,40,-100,189.52
693,5,40,-103,189.64
694,5,40,-106,189.68
695,5,40,-109,189.8
696,5,40,-112,189.84
697,5,40,-115,189.96
698,5,40,-118,190.04
699,5,40,-121,190.12
700,5,40,-124,190.16
701,5,40,-127,190.2
702,5,40,-130,190.32
703,5,40,-133,190.36
704,5,40,-136,190.4
705,5,40,-139,190.4
706,5,40,-142,190.52
707,5,40,-145,190.56
708,5,40,-148,190.6
709,5,40,-151,190.68
710,5,40,-154,190.76
711,5,40,-157,190.84
712,5,40,-160,190.92
713,5,40,-163,191
714,5,40,-166,191.08
715,5,40,-169,191.24
716,5,40,-172,191.4
717,5,40,-175,191.52
718,5,40,-178,191.68
719,5,40,-181,191.84
720,5,40,-184,191.96
721,5,40,-187,192.16
722,5,40,-190,192.32
723,5,40,-193,192.48
724,5,40,-196,192.64
725,5,40,-199,192.8
726,5,40,-202,192.96
727,5,40,-205,193.12
728,5,40,-208,193.28
729,5,40,-211,193.44
730,5,40,-214,193.6
731,5,40,-217,193.72
732,5,40,-220,193.88
733,5,40,-223,194.04
734,5,40,-226,194.24
735,5,40,-229,194.4
736,5,40,-232,194.48
737,5,40,-235,194.68
738,5,40,-238,194.8
739,5,40,-241,194.96
740,5,40,-244,195.12
741,5,40,-247,195.2
742,5,40,-250,195.36
743,5,40,-253,195.48
744,5,40,-256,195.6
745,5,40,-259,195.72
746,5,40,-262,195.84
747,5,40,-265,195.96
748,5,40,-268,196.04
749,5,40,-271,196.16
750,5,40,-274,196.28
751,5,40,-277,196.36
752,5,40,-280,196.44
753,5,40,-283,196.6
754,5,40,-286,196.72
755,5,40,-289,196.96
756,5,40,-292,197.24
757,5,40,-295,197.68
758,5,40,-298,198
759,5,40,-301,198.2
760,5,40,-304,198.4
761,5,40,-307,198.52
762,5,40,-310,198.6
763,5,40,-313,198.64
764,5,40,-316,198.68
765,5,40,-319,198.68
766,5,40,-322,198.68
767,5,40,-325,198.72
768,5,40,-328,198.68
769,5,40,-331,198.68
770,5,40,-334,198.72
771,5,40,-337,198.68
772,5,40,-340,198.76
773,5,40,-343,198.72
774,5,40,-346,198.72
775,5,40,-349,198.76
776,5,40,-352,198.64
777,5,40,-355,198.8
778,5,60,-25,188.52
779,5,60,-28,188.48
780,5,60,-31,188.48
781,5,60,-34,188.48
782,5,60,-37,188.48
783,5,60,-40,188.48
784,5,60,-43,188.52
785,5,60,-46,188.48
786,5,60,-49,188.56
787,5,60,-52,188.72
788,5,60,-55,188.8
789,5,60,-58,188.84
790,5,60,-61,188.92
791,5,60,-64,188.96
792,5,60,-67,189
793,5,60,-70,189.12
794,5,60,-73,189.2
795,5,60,-76,189.28
796,5,60,-79,189.28
797,5,60,-82,189.24
798,5,60,-85,189.28
799,5,60,-88,189.32
800,5,60,-91,189.32
801,5,60,-94,189.4
802,5,60,-97,189.48
803,5,60,-100,189.52
804,5,60,-103,189.6
805,5,60,-106,189.68
806,5,60,-109,189.76
807,5,60,-112,189.84
808,5,60,-115,189.96
809,5,60,-118,190.04
810,5,60,-121,190.12
811,5,60,-124,190.2
812,5,60,-127,190.24
813,5,60,-130,190.28
814,5,60,-133,190.36
815,5,60,-136,190.4
816,5,60,-139,190.44
817,5,60,-142,190.52
818,5,60,-145,190.6
819,5,60,-148,190.64
820,5,60,-151,190.68
821,5,60,-154,190.76
822,5,60,-157,190.84
823,5,60,-160,190.92
824,5,60,-163,190.96
825,5,60,-166,191.12
826,5,60,-169,191.24
827,5,60,-172,191.4
828,5,60,-175,191.52
829,5,60,-178,191.68
830,5,60,-181,191.84
831,5,60,-184,191.96
832,5,60,-187,192.16
833,5,60,-190,192.32
834,5,60,-193,192.48
835,5,60,-196,192.64
836,5,60,-199,192.76
837,5,60,-202,192.92
838,5,60,-205,193.12
839,5,60,-208,193.24
840,5,60,-211,193.36
841,5,60,-214,193.6
842,5,60,-217,193.76
843,5,60,-220,193.88
844,5,60,-223,194.04
845,5,60,-226,194.16
846,5,60,-229,194.36
847,5,60,-232,194.52
848,5,60,-235,194.68
849,5,60,-238,194.8
850,5,60,-241,194.96
851,5,60,-244,195.08
852,5,60,-247,195.2
853,5,60,-250,195.32
854,5,60,-253,195.48
855,5,60,-256,195.56
856,5,60,-259,195.72
857,5,60,-262,195.8
858,5,60,-265,196
859,5,60,-268,196.04
860,5,60,-271,196.16
861,5,60,-274,196.24
862,5,60,-277,196.36
863,5,60,-280,196.48
864,5,60,-283,196.6
865,5,60,-286,196.72
866,5,60,-289,196.96
867,5,60,-292,197.24
868,5,60,-295,197.6
869,5,60,-298,197.92
870,5,60,-301,198.16
871,5,60,-304,198.36
872,5,60,-307,198.52
873,5,60,-310,198.56
874,5,60,-313,198.64
875,5,60,-316,198.64
876,5,60,-319,198.6
877,5,60,-322,198.64
878,5,60,-325,198.64
879,5,60,-328,198.64
880,5,60,-331,198.68
881,5,60,-334,198.68
882,5,60,-337,198.64
883,5,60,-340,198.64
884,5,60,-343,198.68
885,5,60,-346,198.72
886,5,60,-349,198.8
887,5,60,-352,198.64
888,5,60,-355,198.8
889,10,0,-25,188.52
890,10,0,-28,188.52
891,10,0,-31,188.52
892,10,0,-34,188.52
893,10,0,-37,188.52
894,10,0,-40,188.52
895,10,0,-43,188.52
896,10,0,-46,188.52
897,10,0,-49,188.56
898,10,0,-52,188.56
899,10,0,-55,188.64
900,10,0,-58,188.72
901,10,0,-61,188.84
902,10,0,-64,188.92
903,10,0,-67,188.92
904,10,0,-70,189
905,10,0,-73,189.04
906,10,0,-76,189.12
907,10,0,-79,189.16
908,10,0,-82,189.2
909,10,0,-85,189.24
910,10,0,-88,189.24
911,10,0,-91,189.28
912,10,0,-94,189.32
913,10,0,-97,189.36
914,10,0,-100,189.44
915,10,0,-103,189.48
916,10,0,-106,189.6
917,10,0,-109,189.64
918,10,0,-112,189.72
919,10,0,-115,189.76
920,10,0,-118,189.92
921,10,0,-121,190
922,10,0,-124,190.08
923,10,0,-127,190.16
924,10,0,-130,190.24
925,10,0,-133,190.28
926,10,0,-136,190.32
927,10,0,-139,190.4
928,10,0,-142,190.48
929,10,0,-145,190.52
930,10,0,-148,190.52
931,10,0,-151,190.6
932,10,0,-154,190.68
933,10,0,-157,190.72
934,10,0,-160,190.84
935,10,0,-163,190.88
936,10,0,-166,190.96
937,10,0,-169,191.08
938,10,0,-172,191.24
939,10,0,-175,191.36
940,10,0,-178,191.48
941,10,0,-181,191.68
942,10,0,-184,191.8
943,10,0,-187,191.96
944,10,0,-190,192.12
945,10,0,-193,192.2
946,10,0,-196,192.44
947,10,0,-199,192.6
948,10,0,-202,192.76
949,10,0,-205,192.92
950,10,0,-208,193.08
951,10,0,-211,193.24
952,10,0,-214,193.4
953,10,0,-217,193.6
954,10,0,-220,193.76
955,10,0,-223,193.92
956,10,0,-226,194.08
957,10,0,-229,194.24
958,10,0,-232,194.4
959,10,0,-235,194.56
960,10,0,-238,194.68
961,10,0,-241,194.84
962,10,0,-244,194.96
963,10,0,-247,195.08
964,10,0,-250,195.24
965,10,0,-253,195.32
966,10,0,-256,195.52
967,10,0,-259,195.6
968,10,0,-262,195.72
969,10,0,-265,195.84
970,10,0,-268,195.96
971,10,0,-271,196.08
972,10,0,-274,196.2
973,10,0,-277,196.36
974,10,0,-280,196.48
975,10,0,-283,196.6
976,10,0,-286,196.76
977,10,0,-289,196.92
978,10,0,-292,197.12
979,10,0,-295,197.28
980,10,0,-298,197.48
981,10,0,-301,197.72
982,10,0,-304,198
983,10,0,-307,198.24
984,10,0,-310,198.4
985,10,0,-313,198.56
986,10,0,-316,198.6
987,10,0,-319,198.56
988,10,0,-322,198.64
989,10,0,-325,198.64
990,10,0,-328,198.68
991,10,0,-331,198.68
992,10,0,-334,198.68
993,10,0,-337,198.64
994,10,0,-340,198.76
995,10,0,-343,198.72
996,10,0,-346,198.76
997,10,0,-349,198.8
998,10,0,-352,198.76
999,10,0,-355,198.76
1000,10,20,-25,188.48
1001,10,20,-28,188.48
1002,10,20,-31,188.48
1003,10,20,-34,188.48
1004,10,20,-37,188.48
1005,10,20,-40,188.48
1006,10,20,-43,188.52
1007,10,20,-46,188.52
1008,10,20,-49,188.56
1009,10,20,-52,188.6
1010,10,20,-55,188.6
1011,10,20,-58,188.72
1012,10,20,-61,188.76
1013,10,20,-64,188.84
1014,10,20,-67,188.92
1015,10,20,-70,189
1016,10,20,-73,189.04
1017,10,20,-76,189.12
1018,10,20,-79,189.16
1019,10,20,-82,189.2
1020,10,20,-85,189.24
1021,10,20,-88,189.28
1022,10,20,-91,189.28
1023,10,20,-94,189.32
1024,10,20,-97,189.36
1025,10,20,-100,189.36
1026,10,20,-103,189.48
1027,10,20,-106,189.56
1028,10,20,-109,189.64
1029,10,20,-112,189.72
1030,10,20,-115,189.8
1031,10,20,-118,189.88
1032,10,20,-121,189.96
1033,10,20,-124,190.04
1034,10,20,-127,190.12
1035,10,20,-130,190.2
1036,10,20,-133,190.2
1037,10,20,-136,190.32
1038,10,20,-139,190.36
1039,10,20,-142,190.44
1040,10,20,-145,190.48
1041,10,20,-148,190.52
1042,10,20,-151,190.6
1043,10,20,-154,190.64
1044,10,20,-157,190.72
1045,10,20,-160,190.8
1046,10,20,-163,190.88
1047,10,20,-166,190.92
1048,10,20,-169,191.08
1049,10,20,-172,191.2
1050,10,20,-175,191.32
1051,10,20,-178,191.44
1052,10,20,-181,191.6
1053,10,20,-184,191.76
1054,10,20,-187,191.96
1055,10,20,-190,192.08
1056,10,20,-193,192.24
1057,10,20,-196,192.44
1058,10,20,-199,192.6
1059,10,20,-202,192.76
1060,10,20,-205,192.84
1061,10,20,-208,193.04
1062,10,20,-211,193.2
1063,10,20,-214,193.36
1064,10,20,-217,193.52
1065,10,20,-220,193.72
1066,10,20,-223,193.84
1067,10,20,-226,193.96
1068,10,20,-229,194.2
1069,10,20,-232,194.32
1070,10,20,-235,194.52
1071,10,20,-238,194.64
1072,10,20,-241,194.76
1073,10,20,-244,194.92
1074,10,20,-247,195.04
1075,10,20,-250,195.2
1076,10,20,-253,195.28
1077,10,20,-256,195.44
1078,10,20,-259,195.52
1079,10,20,-262,195.64
1080,10,20,-265,195.76
1081,10,20,-268,195.92
1082,10,20,-271,195.96
1083,10,20,-274,196.12
1084,10,20,-277,196.24
1085,10,20,-280,196.4
1086,10,20,-283,196.56
1087,10,20,-286,196.72
1088,10,20,-289,196.92
1089,10,20,-292,197.12
1090,10,20,-295,197.36
1091,10,20,-298,197.52
1092,10,20,-301,197.72
1093,10,20,-304,197.96
1094,10,20,-307,198.16
1095,10,20,-310,198.32
1096,10,20,-313,198.44
1097,10,20,-316,198.52
1098,10,20,-319,198.56
1099,10,20,-322,198.64
1100,10,20,-325,198.64
1101,10,20,-328,198.64
1102,10,20,-331,198.68
1103,10,20,-334,198.64
1104,10,20,-337,198.68
1105,10,20,-340,198.72
1106,10,20,-343,198.64
1107,10,20,-346,198.76
1108,10,20,-349,198.68
1109,10,20,-352,198.72
1110,10,20,-355,198.76
1111,10,40,-25,188.44
1112,10,40,-28,188.44
1113,10,40,-31,188.52
1114,10,40,-34,188.48
1115,10,40,-37,188.48
1116,10,40,-40,188.48
1117,10,40,-43,188.52
1118,10,40,-46,188.56
1119,10,40,-49,188.6
1120,10,40,-52,188.64
1121,10,40,-55,188.68
1122,10,40,-58,188.72
1123,10,40,-61,188.76
1124,10,40,-64,188.8
1125,10,40,-67,188.92
1126,10,40,-70,189
1127,10,40,-73,189.04
1128,10,40,-76,189.08
1129,10,40,-79,189.16
1130,10,40,-82,189.2
1131,10,40,-85,189.24
1132,10,40,-88,189.24
1133,10,40,-91,189.28
1134,10,40,-94,189.32
1135,10,40,-97,189.36
1136,10,40,-100,189.44
1137,10,40,-103,189.48
1138,10,40,-106,189.52
1139,10,40,-109,189.6
1140,10,40,-112,189.72
1141,10,40,-115,189.8
1142,10,40,-118,189.84
1143,10,40,-121,189.96
1144,10,40,-124,190.04
1145,10,40,-127,190.12
1146,10,40,-130,190.16
1147,10,40,-133,190.24
1148,10,40,-136,190.28
1149,10,40,-139,190.36
1150,10,40,-142,190.44
1151,10,40,-145,190.48
1152,10,40,-148,190.52
1153,10,40,-151,190.56
1154,10,40,-154,190.64
1155,10,40,-157,190.72
1156,10,40,-160,190.8
1157,10,40,-163,190.88
1158,10,40,-166,190.96
1159,10,40,-169,191.04
1160,10,40,-172,191.2
1161,10,40,-175,191.32
1162,10,40,-178,191.48
1163,10,40,-181,191.64
1164,10,40,-184,191.76
1165,10,40,-187,191.88
1166,10,40,-190,192.04
1167,10,40,-193,192.24
1168,10,40,-196,192.4
1169,10,40,-199,192.56
1170,10,40,-202,192.76
1171,10,40,-205,192.88
1172,10,40,-208,193
1173,10,40,-211,193.24
1174,10,40,-214,193.36
1175,10,40,-217,193.52
1176,10,40,-220,193.72
1177,10,40,-223,193.84
1178,10,40,-226,194.04
1179,10,40,-229,194.16
1180,10,40,-232,194.32
1181,10,40,-235,194.48
1182,10,40,-238,194.6
1183,10,40,-241,194.76
1184,10,40,-244,194.92
1185,10,40,-247,195.04
1186,10,40,-250,195.2
1187,10,40,-253,195.24
1188,10,40,-256,195.4
1189,10,40,-259,195.56
1190,10,40,-262,195.68
1191,10,40,-265,195.8
1192,10,40,-268,195.88
1193,10,40,-271,196.04
1194,10,40,-274,196.04
1195,10,40,-277,196.24
1196,10,40,-280,196.36
1197,10,40,-283,196.48
1198,10,40,-286,196.64
1199,10,40,-289,196.92
1200,10,40,-292,197.16
1201,10,40,-295,197.4
1202,10,40,-298,197.6
1203,10,40,-301,197.76
1204,10,40,-304,197.96
1205,10,40,-307,198.12
1206,10,40,-310,198.28
1207,10,40,-313,198.4
1208,10,40,-316,198.52
1209,10,40,-319,198.56
1210,10,40,-322,198.6
1211,10,40,-325,198.64
1212,10,40,-328,198.64
1213,10,40,-331,198.64
1214,10,40,-334,198.64
1215,10,40,-337,198.68
1216,10,40,-340,198.68
1217,10,40,-343,198.72
1218,10,40,-346,198.72
1219,10,40,-349,198.72
1220,10,40,-352,198.8
1221,10,40,-355,198.88
1222,10,60,-25,188.48
1223,10,60,-28,188.48
1224,10,60,-31,188.48
1225,10,60,-34,188.48
1226,10,60,-37,188.48
1227,10,60,-40,188.48
1228,10,60,-43,188.48
1229,10,60,-46,188.52
1230,10,60,-49,188.56
1231,10,60,-52,188.6
1232,10,60,-55,188.64
1233,10,60,-58,188.68
1234,10,60,-61,188.72
1235,10,60,-64,188.76
1236,10,60,-67,188.88
1237,10,60,-70,188.96
1238,10,60,-73,189.04
1239,10,60,-76,189.08
1240,10,60,-79,189.12
1241,10,60,-82,189.2
1242,10,60,-85,189.24
1243,10,60,-88,189.24
1244,10,60,-91,189.24
1245,10,60,-94,189.28
1246,10,60,-97,189.36
1247,10,60,-100,189.4
1248,10,60,-103,189.48
1249,10,60,-106,189.56
1250,10,60,-109,189.6
1251,10,60,-112,189.68
1252,10,60,-115,189.76
1253,10,60,-118,189.84
1254,10,60,-121,189.96
1255,10,60,-124,190.04
1256,10,60,-127,190.08
1257,10,60,-130,190.16
1258,10,60,-133,190.24
1259,10,60,-136,190.28
1260,10,60,-139,190.32
1261,10,60,-142,190.4
1262,10,60,-145,190.44
1263,10,60,-148,190.52
1264,10,60,-151,190.56
1265,10,60,-154,190.6
1266,10,60,-157,190.72
1267,10,60,-160,190.76
1268,10,60,-163,190.88
1269,10,60,-166,190.96
1270,10,60,-169,191.04
1271,10,60,-172,191.2
1272,10,60,-175,191.28
1273,10,60,-178,191.44
1274,10,60,-181,191.6
1275,10,60,-184,191.72
1276,10,60,-187,191.88
1277,10,60,-190,192.04
1278,10,60,-193,192.04
1279,10,60,-196,192.32
1280,10,60,-199,192.56
1281,10,60,-202,192.64
1282,10,60,-205,192.84
1283,10,60,-208,193
1284,10,60,-211,193.16
1285,10,60,-214,193.32
1286,10,60,-217,193.52
1287,10,60,-220,193.68
1288,10,60,-223,193.84
1289,10,60,-226,193.92
1290,10,60,-229,194.12
1291,10,60,-232,194.28
1292,10,60,-235,194.48
1293,10,60,-238,194.6
1294,10,60,-241,194.76
1295,10,60,-244,194.88
1296,10,60,-247,195.04
1297,10,60,-250,195.12
1298,10,60,-253,195.32
1299,10,60,-256,195.4
1300,10,60,-259,195.56
1301,10,60,-262,195.64
1302,10,60,-265,195.76
1303,10,60,-268,195.88
1304,10,60,-271,195.96
1305,10,60,-274,196.12
1306,10,60,-277,196.24
1307,10,60,-280,196.36
1308,10,60,-283,196.48
1309,10,60,-286,196.64
1310,10,60,-289,196.88
1311,10,60,-292,197.12
1312,10,60,-295,197.36
1313,10,60,-298,197.6
1314,10,60,-301,197.76
1315,10,60,-304,197.96
1316,10,60,-307,198.12
1317,10,60,-310,198.24
1318,10,60,-313,198.36
1319,10,60,-316,198.48
1320,10,60,-319,198.56
1321,10,60,-322,198.64
1322,10,60,-325,198.6
1323,10,60,-328,198.64
1324,10,60,-331,198.6
1325,10,60,-334,198.64
1326,10,60,-337,198.68
1327,10,60,-340,198.68
1328,10,60,-343,198.68
1329,10,60,-346,198.72
1330,10,60,-349,198.68
1331,10,60,-352,198.64
1332,10,60,-355,198.6
1333,15,0,-25,188.44
1334,15,0,-28,188.44
1335,15,0,-31,188.44
1336,15,0,-34,188.44
1337,15,0,-37,188.44
1338,15,0,-40,188.44
1339,15,0,-43,188.48
1340,15,0,-46,188.48
1341,15,0,-49,188.52
1342,15,0,-52,188.52
1343,15,0,-55,188.52
1344,15,0,-58,188.52
1345,15,0,-61,188.52
1346,15,0,-64,188.56
1347,15,0,-67,188.72
1348,15,0,-70,188.84
1349,15,0,-73,188.88
1350,15,0,-76,188.92
1351,15,0,-79,188.92
1352,15,0,-82,189
1353,15,0,-85,189.04
1354,15,0,-88,189.08
1355,15,0,-91,189.12
1356,15,0,-94,189.16
1357,15,0,-97,189.16
1358,15,0,-100,189.24
1359,15,0,-103,189.28
1360,15,0,-106,189.28
1361,15,0,-109,189.4
1362,15,0,-112,189.44
1363,15,0,-115,189.56
1364,15,0,-118,189.6
1365,15,0,-121,189.68
1366,15,0,-124,189.76
1367,15,0,-127,189.84
1368,15,0,-130,189.96
1369,15,0,-133,190.04
1370,15,0,-136,190.12
1371,15,0,-139,190.2
1372,15,0,-142,190.24
1373,15,0,-145,190.32
1374,15,0,-148,190.4
1375,15,0,-151,190.44
1376,15,0,-154,190.52
1377,15,0,-157,190.56
1378,15,0,-160,190.68
1379,15,0,-163,190.68
1380,15,0,-166,190.8
1381,15,0,-169,190.88
1382,15,0,-172,190.96
1383,15,0,-175,191.08
1384,15,0,-178,191.2
1385,15,0,-181,191.36
1386,15,0,-184,191.48
1387,15,0,-187,191.6
1388,15,0,-190,191.76
1389,15,0,-193,191.92
1390,15,0,-196,192.08
1391,15,0,-199,192.24
1392,15,0,-202,192.44
1393,15,0,-205,192.6
1394,15,0,-208,192.76
1395,15,0,-211,192.88
1396,15,0,-214,193.08
1397,15,0,-217,193.24
1398,15,0,-220,193.44
1399,15,0,-223,193.6
1400,15,0,-226,193.8
1401,15,0,-229,193.92
1402,15,0,-232,194.08
1403,15,0,-235,194.24
1404,15,0,-238,194.4
1405,15,0,-241,194.56
1406,15,0,-244,194.68
1407,15,0,-247,194.84
1408,15,0,-250,194.96
1409,15,0,-253,195.04
1410,15,0,-256,195.24
1411,15,0,-259,195.36
1412,15,0,-262,195.48
1413,15,0,-265,195.64
1414,15,0,-268,195.76
1415,15,0,-271,195.88
1416,15,0,-274,196
1417,15,0,-277,196.2
1418,15,0,-280,196.32
1419,15,0,-283,196.4
1420,15,0,-286,196.56
1421,15,0,-289,196.64
1422,15,0,-292,196.8
1423,15,0,-295,196.96
1424,15,0,-298,197.12
1425,15,0,-301,197.2
1426,15,0,-304,197.44
1427,15,0,-307,197.68
1428,15,0,-310,197.88
1429,15,0,-313,198.08
1430,15,0,-316,198.28
1431,15,0,-319,198.4
1432,15,0,-322,198.4
1433,15,0,-325,198.48
1434,15,0,-328,198.56
1435,15,0,-331,198.56
1436,15,0,-334,198.56
1437,15,0,-337,198.56
1438,15,0,-340,198.64
1439,15,0,-343,198.64
1440,15,0,-346,198.68
1441,15,0,-349,198.68
1442,15,0,-352,198.68
1443,15,0,-355,198.68
1444,15,20,-25,188.44
1445,15,20,-28,188.44
1446,15,20,-31,188.44
1447,15,20,-34,188.44
1448,15,20,-37,188.48
1449,15,20,-40,188.48
1450,15,20,-43,188.48
1451,15,20,-46,188.48
1452,15,20,-49,188.52
1453,15,20,-52,188.52
1454,15,20,-55,188.48
1455,15,20,-58,188.56
1456,15,20,-61,188.6
1457,15,20,-64,188.64
1458,15,20,-67,188.72
1459,15,20,-70,188.76
1460,15,20,-73,188.84
1461,15,20,-76,188.88
1462,15,20,-79,188.96
1463,15,20,-82,188.96
1464,15,20,-85,189.04
1465,15,20,-88,189.08
1466,15,20,-91,189.16
1467,15,20,-94,189.2
1468,15,20,-97,189.2
1469,15,20,-100,189.24
1470,15,20,-103,189.28
1471,15,20,-106,189.36
1472,15,20,-109,189.4
1473,15,20,-112,189.44
1474,15,20,-115,189.56
1475,15,20,-118,189.64
1476,15,20,-121,189.72
1477,15,20,-124,189.76
1478,15,20,-127,189.88
1479,15,20,-130,189.96
1480,15,20,-133,190.04
1481,15,20,-136,190.16
1482,15,20,-139,190.2
1483,15,20,-142,190.28
1484,15,20,-145,190.28
1485,15,20,-148,190.32
1486,15,20,-151,190.4
1487,15,20,-154,190.48
1488,15,20,-157,190.56
1489,15,20,-160,190.6
1490,15,20,-163,190.72
1491,15,20,-166,190.76
1492,15,20,-169,190.92
1493,15,20,-172,190.96
1494,15,20,-175,191.12
1495,15,20,-178,191.16
1496,15,20,-181,191.32
1497,15,20,-184,191.44
1498,15,20,-187,191.6
1499,15,20,-190,191.76
1500,15,20,-193,191.88
1501,15,20,-196,192
1502,15,20,-199,192.2
1503,15,20,-202,192.32
1504,15,20,-205,192.56
1505,15,20,-208,192.64
1506,15,20,-211,192.88
1507,15,20,-214,193.04
1508,15,20,-217,193.2
1509,15,20,-220,193.36
1510,15,20,-223,193.56
1511,15,20,-226,193.72
1512,15,20,-229,193.88
1513,15,20,-232,194
1514,15,20,-235,194.16
1515,15,20,-238,194.32
1516,15,20,-241,194.48
1517,15,20,-244,194.64
1518,15,20,-247,194.8
1519,15,20,-250,194.92
1520,15,20,-253,195.04
1521,15,20,-256,195.2
1522,15,20,-259,195.28
1523,15,20,-262,195.44
1524,15,20,-265,195.6
1525,15,20,-268,195.72
1526,15,20,-271,195.8
1527,15,20,-274,195.88
1528,15,20,-277,196.08
1529,15,20,-280,196.24
1530,15,20,-283,196.36
1531,15,20,-286,196.52
1532,15,20,-289,196.64
1533,15,20,-292,196.84
1534,15,20,-295,197
1535,15,20,-298,197.16
1536,15,20,-301,197.36
1537,15,20,-304,197.52
1538,15,20,-307,197.68
1539,15,20,-310,197.88
1540,15,20,-313,198
1541,15,20,-316,198.16
1542,15,20,-319,198.32
1543,15,20,-322,198.4
1544,15,20,-325,198.44
1545,15,20,-328,198.48
1546,15,20,-331,198.52
1547,15,20,-334,198.6
1548,15,20,-337,198.6
1549,15,20,-340,198.64
1550,15,20,-343,198.64
1551,15,20,-346,198.64
1552,15,20,-349,198.68
1553,15,20,-352,198.72
1554,15,20,-355,198.72
1555,15,40,-25,188.44
1556,15,40,-28,188.44
1557,15,40,-31,188.44
1558,15,40,-34,188.44
1559,15,40,-37,188.44
1560,15,40,-40,188.44
1561,15,40,-43,188.44
1562,15,40,-46,188.48
1563,15,40,-49,188.48
1564,15,40,-52,188.52
1565,15,40,-55,188.56
1566,15,40,-58,188.6
1567,15,40,-61,188.64
1568,15,40,-64,188.64
1569,15,40,-67,188.68
1570,15,40,-70,188.76
1571,15,40,-73,188.8
1572,15,40,-76,188.88
1573,15,40,-79,188.96
1574,15,40,-82,189
1575,15,40,-85,189.04
1576,15,40,-88,189.08
1577,15,40,-91,189.08
1578,15,40,-94,189.2
1579,15,40,-97,189.2
1580,15,40,-100,189.24
1581,15,40,-103,189.24
1582,15,40,-106,189.32
1583,15,40,-109,189.4
1584,15,40,-112,189.48
1585,15,40,-115,189.52
1586,15,40,-118,189.64
1587,15,40,-121,189.68
1588,15,40,-124,189.8
1589,15,40,-127,189.84
1590,15,40,-130,189.96
1591,15,40,-133,190.04
1592,15,40,-136,190.12
1593,15,40,-139,190.16
1594,15,40,-142,190.24
1595,15,40,-145,190.28
1596,15,40,-148,190.36
1597,15,40,-151,190.4
1598,15,40,-154,190.44
1599,15,40,-157,190.52
1600,15,40,-160,190.6
1601,15,40,-163,190.64
1602,15,40,-166,190.72
1603,15,40,-169,190.84
1604,15,40,-172,190.96
1605,15,40,-175,191.08
1606,15,40,-178,191.2
1607,15,40,-181,191.28
1608,15,40,-184,191.44
1609,15,40,-187,191.56
1610,15,40,-190,191.8
1611,15,40,-193,191.88
1612,15,40,-196,192.04
1613,15,40,-199,192.24
1614,15,40,-202,192.36
1615,15,40,-205,192.56
1616,15,40,-208,192.64
1617,15,40,-211,192.84
1618,15,40,-214,193
1619,15,40,-217,193.2
1620,15,40,-220,193.36
1621,15,40,-223,193.48
1622,15,40,-226,193.68
1623,15,40,-229,193.84
1624,15,40,-232,194
1625,15,40,-235,194.16
1626,15,40,-238,194.32
1627,15,40,-241,194.48
1628,15,40,-244,194.6
1629,15,40,-247,194.8
1630,15,40,-250,194.92
1631,15,40,-253,195
1632,15,40,-256,195.2
1633,15,40,-259,195.28
1634,15,40,-262,195.44
1635,15,40,-265,195.56
1636,15,40,-268,195.6
1637,15,40,-271,195.76
1638,15,40,-274,195.88
1639,15,40,-277,196
1640,15,40,-280,196.12
1641,15,40,-283,196.32
1642,15,40,-286,196.48
1643,15,40,-289,196.68
1644,15,40,-292,196.88
1645,15,40,-295,197.16
1646,15,40,-298,197.28
1647,15,40,-301,197.44
1648,15,40,-304,197.6
1649,15,40,-307,197.72
1650,15,40,-310,197.84
1651,15,40,-313,197.92
1652,15,40,-316,198.12
1653,15,40,-319,198.24
1654,15,40,-322,198.32
1655,15,40,-325,198.4
1656,15,40,-328,198.48
1657,15,40,-331,198.52
1658,15,40,-334,198.56
1659,15,40,-337,198.56
1660,15,40,-340,198.6
1661,15,40,-343,198.64
1662,15,40,-346,198.64
1663,15,40,-349,198.68
1664,15,40,-352,198.68
1665,15,40,-355,198.68
1666,15,60,-25,188.4
1667,15,60,-28,188.4
1668,15,60,-31,188.4
1669,15,60,-34,188.44
1670,15,60,-37,188.44
1671,15,60,-40,188.44
1672,15,60,-43,188.44
1673,15,60,-46,188.44
1674,15,60,-49,188.44
1675,15,60,-52,188.52
1676,15,60,-55,188.56
1677,15,60,-58,188.56
1678,15,60,-61,188.64
1679,15,60,-64,188.64
1680,15,60,-67,188.68
1681,15,60,-70,188.76
1682,15,60,-73,188.76
1683,15,60,-76,188.84
1684,15,60,-79,188.92
1685,15,60,-82,189
1686,15,60,-85,189.04
1687,15,60,-88,189.08
1688,15,60,-91,189.12
1689,15,60,-94,189.12
1690,15,60,-97,189.2
1691,15,60,-100,189.2
1692,15,60,-103,189.24
1693,15,60,-106,189.32
1694,15,60,-109,189.4
1695,15,60,-112,189.48
1696,15,60,-115,189.52
1697,15,60,-118,189.6
1698,15,60,-121,189.72
1699,15,60,-124,189.76
1700,15,60,-127,189.84
1701,15,60,-130,189.92
1702,15,60,-133,190
1703,15,60,-136,190.08
1704,15,60,-139,190.12
1705,15,60,-142,190.24
1706,15,60,-145,190.28
1707,15,60,-148,190.32
1708,15,60,-151,190.4
1709,15,60,-154,190.44
1710,15,60,-157,190.52
1711,15,60,-160,190.6
1712,15,60,-163,190.64
1713,15,60,-166,190.72
1714,15,60,-169,190.84
1715,15,60,-172,190.96
1716,15,60,-175,191.04
1717,15,60,-178,191.16
1718,15,60,-181,191.32
1719,15,60,-184,191.44
1720,15,60,-187,191.56
1721,15,60,-190,191.72
1722,15,60,-193,191.84
1723,15,60,-196,192
1724,15,60,-199,192.2
1725,15,60,-202,192.36
1726,15,60,-205,192.48
1727,15,60,-208,192.6
1728,15,60,-211,192.84
1729,15,60,-214,193
1730,15,60,-217,193.16
1731,15,60,-220,193.36
1732,15,60,-223,193.52
1733,15,60,-226,193.68
1734,15,60,-229,193.84
1735,15,60,-232,194
1736,15,60,-235,194.16
1737,15,60,-238,194.32
1738,15,60,-241,194.48
1739,15,60,-244,194.64
1740,15,60,-247,194.76
1741,15,60,-250,194.88
1742,15,60,-253,195.04
1743,15,60,-256,195.2
1744,15,60,-259,195.24
1745,15,60,-262,195.4
1746,15,60,-265,195.56
1747,15,60,-268,195.6
1748,15,60,-271,195.8
1749,15,60,-274,195.92
1750,15,60,-277,196.04
1751,15,60,-280,196.2
1752,15,60,-283,196.36
1753,15,60,-286,196.48
1754,15,60,-289,196.68
1755,15,60,-292,196.84
1756,15,60,-295,197.08
1757,15,60,-298,197.24
1758,15,60,-301,197.4
1759,15,60,-304,197.6
1760,15,60,-307,197.64
1761,15,60,-310,197.84
1762,15,60,-313,198
1763,15,60,-316,198.12
1764,15,60,-319,198.2
1765,15,60,-322,198.32
1766,15,60,-325,198.36
1767,15,60,-328,198.52
1768,15,60,-331,198.52
1769,15,60,-334,198.52
1770,15,60,-337,198.56
1771,15,60,-340,198.56
1772,15,60,-343,198.6
1773,15,60,-346,198.64
1774,15,60,-349,198.68
1775,15,60,-352,198.68
1776,15,60,-355,198.72
1777,20,0,-25,188.4
1778,20,0,-28,188.4
1779,20,0,-31,188.4
1780,20,0,-34,188.4
1781,20,0,-37,188.4
1782,20,0,-40,188.4
1783,20,0,-43,188.4
1784,20,0,-46,188.4
1785,20,0,-49,188.4
1786,20,0,-52,188.4
1787,20,0,-55,188.44
1788,20,0,-58,188.44
1789,20,0,-61,188.48
1790,20,0,-64,188.48
1791,20,0,-67,188.52
1792,20,0,-70,188.52
1793,20,0,-73,188.52
1794,20,0,-76,188.64
1795,20,0,-79,188.72
1796,20,0,-82,188.84
1797,20,0,-85,188.92
1798,20,0,-88,188.92
1799,20,0,-91,188.96
1800,20,0,-94,189
1801,20,0,-97,189
1802,20,0,-100,189.04
1803,20,0,-103,189.08
1804,20,0,-106,189.12
1805,20,0,-109,189.2
1806,20,0,-112,189.2
1807,20,0,-115,189.28
1808,20,0,-118,189.36
1809,20,0,-121,189.4
1810,20,0,-124,189.48
1811,20,0,-127,189.52
1812,20,0,-130,189.64
1813,20,0,-133,189.68
1814,20,0,-136,189.8
1815,20,0,-139,189.88
1816,20,0,-142,189.96
1817,20,0,-145,190.04
1818,20,0,-148,190.08
1819,20,0,-151,190.2
1820,20,0,-154,190.24
1821,20,0,-157,190.36
1822,20,0,-160,190.4
1823,20,0,-163,190.48
1824,20,0,-166,190.6
1825,20,0,-169,190.68
1826,20,0,-172,190.76
1827,20,0,-175,190.84
1828,20,0,-178,190.96
1829,20,0,-181,191
1830,20,0,-184,191.12
1831,20,0,-187,191.24
1832,20,0,-190,191.4
1833,20,0,-193,191.48
1834,20,0,-196,191.68
1835,20,0,-199,191.76
1836,20,0,-202,191.88
1837,20,0,-205,192.08
1838,20,0,-208,192.28
1839,20,0,-211,192.44
1840,20,0,-214,192.6
1841,20,0,-217,192.76
1842,20,0,-220,192.96
1843,20,0,-223,193.12
1844,20,0,-226,193.28
1845,20,0,-229,193.48
1846,20,0,-232,193.64
1847,20,0,-235,193.88
1848,20,0,-238,193.96
1849,20,0,-241,194.12
1850,20,0,-244,194.28
1851,20,0,-247,194.48
1852,20,0,-250,194.6
1853,20,0,-253,194.72
1854,20,0,-256,194.92
1855,20,0,-259,195
1856,20,0,-262,195.16
1857,20,0,-265,195.24
1858,20,0,-268,195.44
1859,20,0,-271,195.6
1860,20,0,-274,195.8
1861,20,0,-277,195.88
1862,20,0,-280,195.96
1863,20,0,-283,196.16
1864,20,0,-286,196.32
1865,20,0,-289,196.4
1866,20,0,-292,196.52
1867,20,0,-295,196.6
1868,20,0,-298,196.76
1869,20,0,-301,196.84
1870,20,0,-304,197.08
1871,20,0,-307,197.16
1872,20,0,-310,197.36
1873,20,0,-313,197.6
1874,20,0,-316,197.8
1875,20,0,-319,197.96
1876,20,0,-322,198.08
1877,20,0,-325,198.2
1878,20,0,-328,198.32
1879,20,0,-331,198.44
1880,20,0,-334,198.4
1881,20,0,-337,198.44
1882,20,0,-340,198.52
1883,20,0,-343,198.56
1884,20,0,-346,198.56
1885,20,0,-349,198.52
1886,20,0,-352,198.64
1887,20,0,-355,198.64
1888,20,20,-25,188.44
1889,20,20,-28,188.4
1890,20,20,-31,188.44
1891,20,20,-34,188.44
1892,20,20,-37,188.44
1893,20,20,-40,188.44
1894,20,20,-43,188.44
1895,20,20,-46,188.44
1896,20,20,-49,188.44
1897,20,20,-52,188.44
1898,20,20,-55,188.44
1899,20,20,-58,188.48
1900,20,20,-61,188.48
1901,20,20,-64,188.48
1902,20,20,-67,188.52
1903,20,20,-70,188.56
1904,20,20,-73,188.6
1905,20,20,-76,188.68
1906,20,20,-79,188.72
1907,20,20,-82,188.76
1908,20,20,-85,188.8
1909,20,20,-88,188.88
1910,20,20,-91,188.92
1911,20,20,-94,189
1912,20,20,-97,189
1913,20,20,-100,189.04
1914,20,20,-103,189.08
1915,20,20,-106,189.12
1916,20,20,-109,189.16
1917,20,20,-112,189.2
1918,20,20,-115,189.24
1919,20,20,-118,189.36
1920,20,20,-121,189.4
1921,20,20,-124,189.48
1922,20,20,-127,189.56
1923,20,20,-130,189.64
1924,20,20,-133,189.68
1925,20,20,-136,189.76
1926,20,20,-139,189.84
1927,20,20,-142,189.96
1928,20,20,-145,190.04
1929,20,20,-148,190.12
1930,20,20,-151,190.16
1931,20,20,-154,190.28
1932,20,20,-157,190.32
1933,20,20,-160,190.4
1934,20,20,-163,190.48
1935,20,20,-166,190.56
1936,20,20,-169,190.64
1937,20,20,-172,190.72
1938,20,20,-175,190.8
1939,20,20,-178,190.92
1940,20,20,-181,190.96
1941,20,20,-184,191.16
1942,20,20,-187,191.24
1943,20,20,-190,191.36
1944,20,20,-193,191.44
1945,20,20,-196,191.6
1946,20,20,-199,191.72
1947,20,20,-202,191.88
1948,20,20,-205,192.08
1949,20,20,-208,192.2
1950,20,20,-211,192.4
1951,20,20,-214,192.56
1952,20,20,-217,192.76
1953,20,20,-220,192.92
1954,20,20,-223,193.08
1955,20,20,-226,193.24
1956,20,20,-229,193.44
1957,20,20,-232,193.6
1958,20,20,-235,193.76
1959,20,20,-238,193.92
1960,20,20,-241,194.08
1961,20,20,-244,194.28
1962,20,20,-247,194.4
1963,20,20,-250,194.56
1964,20,20,-253,194.68
1965,20,20,-256,194.8
1966,20,20,-259,194.96
1967,20,20,-262,195.08
1968,20,20,-265,195.24
1969,20,20,-268,195.36
1970,20,20,-271,195.52
1971,20,20,-274,195.6
1972,20,20,-277,195.84
1973,20,20,-280,195.96
1974,20,20,-283,196.08
1975,20,20,-286,196.24
1976,20,20,-289,196.36
1977,20,20,-292,196.52
1978,20,20,-295,196.64
1979,20,20,-298,196.8
1980,20,20,-301,197
1981,20,20,-304,197.16
1982,20,20,-307,197.28
1983,20,20,-310,197.44
1984,20,20,-313,197.56
1985,20,20,-316,197.68
1986,20,20,-319,197.88
1987,20,20,-322,198
1988,20,20,-325,198.08
1989,20,20,-328,198.16
1990,20,20,-331,198.28
1991,20,20,-334,198.36
1992,20,20,-337,198.36
1993,20,20,-340,198.44
1994,20,20,-343,198.48
1995,20,20,-346,198.52
1996,20,20,-349,198.56
1997,20,20,-352,198.6
1998,20,20,-355,198.6
1999,20,40,-25,188.4
2000,20,40,-28,188.4
2001,20,40,-31,188.4
2002,20,40,-34,188.4
2003,20,40,-37,188.4
2004,20,40,-40,188.4
2005,20,40,-43,188.4
2006,20,40,-46,188.4
2007,20,40,-49,188.44
2008,20,40,-52,188.44
2009,20,40,-55,188.44
2010,20,40,-58,188.44
2011,20,40,-61,188.48
2012,20,40,-64,188.56
2013,20,40,-67,188.52
2014,20,40,-70,188.56
2015,20,40,-73,188.6
2016,20,40,-76,188.64
2017,20,40,-79,188.68
2018,20,40,-82,188.72
2019,20,40,-85,188.76
2020,20,40,-88,188.8
2021,20,40,-91,188.88
2022,20,40,-94,188.92
2023,20,40,-97,189
2024,20,40,-100,189.04
2025,20,40,-103,189.08
2026,20,40,-106,189.12
2027,20,40,-109,189.16
2028,20,40,-112,189.2
2029,20,40,-115,189.24
2030,20,40,-118,189.32
2031,20,40,-121,189.36
2032,20,40,-124,189.48
2033,20,40,-127,189.52
2034,20,40,-130,189.64
2035,20,40,-133,189.68
2036,20,40,-136,189.76
2037,20,40,-139,189.84
2038,20,40,-142,189.92
2039,20,40,-145,190
2040,20,40,-148,190.08
2041,20,40,-151,190.16
2042,20,40,-154,190.2
2043,20,40,-157,190.32
2044,20,40,-160,190.36
2045,20,40,-163,190.4
2046,20,40,-166,190.52
2047,20,40,-169,190.56
2048,20,40,-172,190.68
2049,20,40,-175,190.76
2050,20,40,-178,190.84
2051,20,40,-181,190.96
2052,20,40,-184,191.08
2053,20,40,-187,191.2
2054,20,40,-190,191.36
2055,20,40,-193,191.44
2056,20,40,-196,191.6
2057,20,40,-199,191.72
2058,20,40,-202,191.88
2059,20,40,-205,192.04
2060,20,40,-208,192.2
2061,20,40,-211,192.36
2062,20,40,-214,192.52
2063,20,40,-217,192.72
2064,20,40,-220,192.88
2065,20,40,-223,193.04
2066,20,40,-226,193.24
2067,20,40,-229,193.4
2068,20,40,-232,193.6
2069,20,40,-235,193.76
2070,20,40,-238,193.92
2071,20,40,-241,194.08
2072,20,40,-244,194.28
2073,20,40,-247,194.36
2074,20,40,-250,194.52
2075,20,40,-253,194.68
2076,20,40,-256,194.8
2077,20,40,-259,194.96
2078,20,40,-262,195.12
2079,20,40,-265,195.2
2080,20,40,-268,195.32
2081,20,40,-271,195.48
2082,20,40,-274,195.6
2083,20,40,-277,195.72
2084,20,40,-280,195.88
2085,20,40,-283,196.04
2086,20,40,-286,196.24
2087,20,40,-289,196.4
2088,20,40,-292,196.6
2089,20,40,-295,196.72
2090,20,40,-298,196.88
2091,20,40,-301,197.04
2092,20,40,-304,197.2
2093,20,40,-307,197.36
2094,20,40,-310,197.48
2095,20,40,-313,197.6
2096,20,40,-316,197.64
2097,20,40,-319,197.76
2098,20,40,-322,197.92
2099,20,40,-325,198
2100,20,40,-328,198.08
2101,20,40,-331,198.2
2102,20,40,-334,198.32
2103,20,40,-337,198.36
2104,20,40,-340,198.44
2105,20,40,-343,198.44
2106,20,40,-346,198.52
2107,20,40,-349,198.56
2108,20,40,-352,198.6
2109,20,40,-355,198.64
2110,20,60,-25,188.4
2111,20,60,-28,188.4
2112,20,60,-31,188.36
2113,20,60,-34,188.4
2114,20,60,-37,188.4
2115,20,60,-40,188.4
2116,20,60,-43,188.4
2117,20,60,-46,188.4
2118,20,60,-49,188.4
2119,20,60,-52,188.44
2120,20,60,-55,188.44
2121,20,60,-58,188.4
2122,20,60,-61,188.52
2123,20,60,-64,188.52
2124,20,60,-67,188.52
2125,20,60,-70,188.56
2126,20,60,-73,188.6
2127,20,60,-76,188.64
2128,20,60,-79,188.68
2129,20,60,-82,188.76
2130,20,60,-85,188.8
2131,20,60,-88,188.84
2132,20,60,-91,188.88
2133,20,60,-94,188.96
2134,20,60,-97,189
2135,20,60,-100,189.04
2136,20,60,-103,189.08
2137,20,60,-106,189.08
2138,20,60,-109,189.16
2139,20,60,-112,189.2
2140,20,60,-115,189.24
2141,20,60,-118,189.28
2142,20,60,-121,189.4
2143,20,60,-124,189.4
2144,20,60,-127,189.56
2145,20,60,-130,189.64
2146,20,60,-133,189.72
2147,20,60,-136,189.8
2148,20,60,-139,189.84
2149,20,60,-142,189.96
2150,20,60,-145,190
2151,20,60,-148,190.08
2152,20,60,-151,190.2
2153,20,60,-154,190.24
2154,20,60,-157,190.28
2155,20,60,-160,190.36
2156,20,60,-163,190.44
2157,20,60,-166,190.48
2158,20,60,-169,190.56
2159,20,60,-172,190.68
2160,20,60,-175,190.76
2161,20,60,-178,190.76
2162,20,60,-181,190.88
2163,20,60,-184,191.08
2164,20,60,-187,191.2
2165,20,60,-190,191.36
2166,20,60,-193,191.44
2167,20,60,-196,191.6
2168,20,60,-199,191.72
2169,20,60,-202,191.88
2170,20,60,-205,192.08
2171,20,60,-208,192.24
2172,20,60,-211,192.4
2173,20,60,-214,192.52
2174,20,60,-217,192.68
2175,20,60,-220,192.88
2176,20,60,-223,193.08
2177,20,60,-226,193.24
2178,20,60,-229,193.4
2179,20,60,-232,193.56
2180,20,60,-235,193.72
2181,20,60,-238,193.92
2182,20,60,-241,194.08
2183,20,60,-244,194.24
2184,20,60,-247,194.4
2185,20,60,-250,194.56
2186,20,60,-253,194.68
2187,20,60,-256,194.84
2188,20,60,-259,194.96
2189,20,60,-262,195.08
2190,20,60,-265,195.24
2191,20,60,-268,195.36
2192,20,60,-271,195.52
2193,20,60,-274,195.6
2194,20,60,-277,195.8
2195,20,60,-280,195.96
2196,20,60,-283,196.08
2197,20,60,-286,196.2
2198,20,60,-289,196.4
2199,20,60,-292,196.56
2200,20,60,-295,196.72
2201,20,60,-298,196.84
2202,20,60,-301,197
2203,20,60,-304,197.16
2204,20,60,-307,197.36
2205,20,60,-310,197.4
2206,20,60,-313,197.64
2207,20,60,-316,197.68
2208,20,60,-319,197.84
2209,20,60,-322,198
2210,20,60,-325,198.04
2211,20,60,-328,198.12
2212,20,60,-331,198.2
2213,20,60,-334,198.32
2214,20,60,-337,198.36
2215,20,60,-340,198.4
2216,20,60,-343,198.44
2217,20,60,-346,198.48
2218,20,60,-349,198.52
2219,20,60,-352,198.56
2220,20,60,-355,198.6
2221,25,0,-25,188.32
2222,25,0,-28,188.36
2223,25,0,-31,188.36
2224,25,0,-34,188.36
2225,25,0,-37,188.36
2226,25,0,-40,188.36
2227,25,0,-43,188.32
2228,25,0,-46,188.36
2229,25,0,-49,188.36
2230,25,0,-52,188.36
2231,25,0,-55,188.36
2232,25,0,-58,188.36
2233,25,0,-61,188.4
2234,25,0,-64,188.4
2235,25,0,-67,188.4
2236,25,0,-70,188.44
2237,25,0,-73,188.44
2238,25,0,-76,188.44
2239,25,0,-79,188.44
2240,25,0,-82,188.44
2241,25,0,-85,188.52
2242,25,0,-88,188.52
2243,25,0,-91,188.68
2244,25,0,-94,188.76
2245,25,0,-97,188.84
2246,25,0,-100,188.84
2247,25,0,-103,188.88
2248,25,0,-106,188.92
2249,25,0,-109,188.92
2250,25,0,-112,188.96
2251,25,0,-115,189
2252,25,0,-118,189.04
2253,25,0,-121,189.08
2254,25,0,-124,189.08
2255,25,0,-127,189.16
2256,25,0,-130,189.24
2257,25,0,-133,189.36
2258,25,0,-136,189.4
2259,25,0,-139,189.48
2260,25,0,-142,189.56
2261,25,0,-145,189.64
2262,25,0,-148,189.68
2263,25,0,-151,189.8
2264,25,0,-154,189.88
2265,25,0,-157,190
2266,25,0,-160,190.08
2267,25,0,-163,190.12
2268,25,0,-166,190.24
2269,25,0,-169,190.36
2270,25,0,-172,190.4
2271,25,0,-175,190.52
2272,25,0,-178,190.6
2273,25,0,-181,190.72
2274,25,0,-184,190.84
2275,25,0,-187,190.88
2276,25,0,-190,191
2277,25,0,-193,191.08
2278,25,0,-196,191.2
2279,25,0,-199,191.32
2280,25,0,-202,191.44
2281,25,0,-205,191.56
2282,25,0,-208,191.72
2283,25,0,-211,191.8
2284,25,0,-214,192
2285,25,0,-217,192.2
2286,25,0,-220,192.36
2287,25,0,-223,192.52
2288,25,0,-226,192.72
2289,25,0,-229,192.88
2290,25,0,-232,193.08
2291,25,0,-235,193.28
2292,25,0,-238,193.48
2293,25,0,-241,193.64
2294,25,0,-244,193.8
2295,25,0,-247,193.96
2296,25,0,-250,194.12
2297,25,0,-253,194.28
2298,25,0,-256,194.48
2299,25,0,-259,194.6
2300,25,0,-262,194.72
2301,25,0,-265,194.92
2302,25,0,-268,195.04
2303,25,0,-271,195.2
2304,25,0,-274,195.36
2305,25,0,-277,195.52
2306,25,0,-280,195.6
2307,25,0,-283,195.8
2308,25,0,-286,195.96
2309,25,0,-289,196.04
2310,25,0,-292,196.2
2311,25,0,-295,196.32
2312,25,0,-298,196.4
2313,25,0,-301,196.48
2314,25,0,-304,196.64
2315,25,0,-307,196.76
2316,25,0,-310,196.88
2317,25,0,-313,197.08
2318,25,0,-316,197.2
2319,25,0,-319,197.48
2320,25,0,-322,197.64
2321,25,0,-325,197.76
2322,25,0,-328,197.92
2323,25,0,-331,198.04
2324,25,0,-334,198.08
2325,25,0,-337,198.24
2326,25,0,-340,198.28
2327,25,0,-343,198.28
2328,25,0,-346,198.36
2329,25,0,-349,198.4
2330,25,0,-352,198.44
2331,25,0,-355,198.48
2332,25,20,-25,188.4
2333,25,20,-28,188.36
2334,25,20,-31,188.36
2335,25,20,-34,188.36
2336,25,20,-37,188.36
2337,25,20,-40,188.36
2338,25,20,-43,188.36
2339,25,20,-46,188.4
2340,25,20,-49,188.36
2341,25,20,-52,188.36
2342,25,20,-55,188.36
2343,25,20,-58,188.4
2344,25,20,-61,188.4
2345,25,20,-64,188.44
2346,25,20,-67,188.4
2347,25,20,-70,188.4
2348,25,20,-73,188.44
2349,25,20,-76,188.44
2350,25,20,-79,188.48
2351,25,20,-82,188.52
2352,25,20,-85,188.56
2353,25,20,-88,188.6
2354,25,20,-91,188.64
2355,25,20,-94,188.68
2356,25,20,-97,188.76
2357,25,20,-100,188.8
2358,25,20,-103,188.84
2359,25,20,-106,188.88
2360,25,20,-109,188.92
2361,25,20,-112,188.96
2362,25,20,-115,189
2363,25,20,-118,189.04
2364,25,20,-121,189.12
2365,25,20,-124,189.12
2366,25,20,-127,189.2
2367,25,20,-130,189.28
2368,25,20,-133,189.32
2369,25,20,-136,189.4
2370,25,20,-139,189.48
2371,25,20,-142,189.56
2372,25,20,-145,189.68
2373,25,20,-148,189.72
2374,25,20,-151,189.8
2375,25,20,-154,189.88
2376,25,20,-157,189.96
2377,25,20,-160,190.08
2378,25,20,-163,190.16
2379,25,20,-166,190.24
2380,25,20,-169,190.28
2381,25,20,-172,190.36
2382,25,20,-175,190.48
2383,25,20,-178,190.6
2384,25,20,-181,190.72
2385,25,20,-184,190.8
2386,25,20,-187,190.88
2387,25,20,-190,191
2388,25,20,-193,191.12
2389,25,20,-196,191.24
2390,25,20,-199,191.36
2391,25,20,-202,191.48
2392,25,20,-205,191.6
2393,25,20,-208,191.72
2394,25,20,-211,191.88
2395,25,20,-214,192
2396,25,20,-217,192.12
2397,25,20,-220,192.36
2398,25,20,-223,192.52
2399,25,20,-226,192.64
2400,25,20,-229,192.84
2401,25,20,-232,193.04
2402,25,20,-235,193.2
2403,25,20,-238,193.4
2404,25,20,-241,193.56
2405,25,20,-244,193.76
2406,25,20,-247,193.92
2407,25,20,-250,194.08
2408,25,20,-253,194.24
2409,25,20,-256,194.4
2410,25,20,-259,194.56
2411,25,20,-262,194.64
2412,25,20,-265,194.84
2413,25,20,-268,195
2414,25,20,-271,195.16
2415,25,20,-274,195.28
2416,25,20,-277,195.44
2417,25,20,-280,195.56
2418,25,20,-283,195.72
2419,25,20,-286,195.88
2420,25,20,-289,196
2421,25,20,-292,196.12
2422,25,20,-295,196.24
2423,25,20,-298,196.36
2424,25,20,-301,196.56
2425,25,20,-304,196.68
2426,25,20,-307,196.84
2427,25,20,-310,197
2428,25,20,-313,197.12
2429,25,20,-316,197.24
2430,25,20,-319,197.36
2431,25,20,-322,197.56
2432,25,20,-325,197.68
2433,25,20,-328,197.76
2434,25,20,-331,197.88
2435,25,20,-334,198
2436,25,20,-337,198.08
2437,25,20,-340,198.16
2438,25,20,-343,198.2
2439,25,20,-346,198.28
2440,25,20,-349,198.32
2441,25,20,-352,198.36
2442,25,20,-355,198.44
2443,25,40,-25,188.36
2444,25,40,-28,188.36
2445,25,40,-31,188.36
2446,25,40,-34,188.36
2447,25,40,-37,188.36
2448,25,40,-40,188.36
2449,25,40,-43,188.36
2450,25,40,-46,188.36
2451,25,40,-49,188.36
2452,25,40,-52,188.36
2453,25,40,-55,188.4
2454,25,40,-58,188.36
2455,25,40,-61,188.4
2456,25,40,-64,188.4
2457,25,40,-67,188.44
2458,25,40,-70,188.44
2459,25,40,-73,188.48
2460,25,40,-76,188.48
2461,25,40,-79,188.52
2462,25,40,-82,188.56
2463,25,40,-85,188.6
2464,25,40,-88,188.64
2465,25,40,-91,188.64
2466,25,40,-94,188.68
2467,25,40,-97,188.72
2468,25,40,-100,188.76
2469,25,40,-103,188.8
2470,25,40,-106,188.88
2471,25,40,-109,188.88
2472,25,40,-112,188.92
2473,25,40,-115,189
2474,25,40,-118,189
2475,25,40,-121,189.08
2476,25,40,-124,189.12
2477,25,40,-127,189.2
2478,25,40,-130,189.24
2479,25,40,-133,189.32
2480,25,40,-136,189.4
2481,25,40,-139,189.48
2482,25,40,-142,189.56
2483,25,40,-145,189.64
2484,25,40,-148,189.72
2485,25,40,-151,189.8
2486,25,40,-154,189.84
2487,25,40,-157,189.96
2488,25,40,-160,190.04
2489,25,40,-163,190.12
2490,25,40,-166,190.2
2491,25,40,-169,190.2
2492,25,40,-172,190.36
2493,25,40,-175,190.44
2494,25,40,-178,190.52
2495,25,40,-181,190.64
2496,25,40,-184,190.72
2497,25,40,-187,190.88
2498,25,40,-190,190.96
2499,25,40,-193,191.04
2500,25,40,-196,191.24
2501,25,40,-199,191.36
2502,25,40,-202,191.48
2503,25,40,-205,191.6
2504,25,40,-208,191.76
2505,25,40,-211,191.88
2506,25,40,-214,192.04
2507,25,40,-217,192.16
2508,25,40,-220,192.36
2509,25,40,-223,192.52
2510,25,40,-226,192.72
2511,25,40,-229,192.8
2512,25,40,-232,193
2513,25,40,-235,193.2
2514,25,40,-238,193.4
2515,25,40,-241,193.56
2516,25,40,-244,193.68
2517,25,40,-247,193.88
2518,25,40,-250,194.08
2519,25,40,-253,194.24
2520,25,40,-256,194.36
2521,25,40,-259,194.52
2522,25,40,-262,194.68
2523,25,40,-265,194.8
2524,25,40,-268,194.96
2525,25,40,-271,195.08
2526,25,40,-274,195.24
2527,25,40,-277,195.36
2528,25,40,-280,195.56
2529,25,40,-283,195.72
2530,25,40,-286,195.92
2531,25,40,-289,196.04
2532,25,40,-292,196.24
2533,25,40,-295,196.36
2534,25,40,-298,196.52
2535,25,40,-301,196.64
2536,25,40,-304,196.8
2537,25,40,-307,196.96
2538,25,40,-310,197.08
2539,25,40,-313,197.2
2540,25,40,-316,197.32
2541,25,40,-319,197.36
2542,25,40,-322,197.52
2543,25,40,-325,197.6
2544,25,40,-328,197.64
2545,25,40,-331,197.76
2546,25,40,-334,197.92
2547,25,40,-337,198
2548,25,40,-340,198.08
2549,25,40,-343,198.16
2550,25,40,-346,198.24
2551,25,40,-349,198.32
2552,25,40,-352,198.4
2553,25,40,-355,198.44
2554,25,60,-25,188.32
2555,25,60,-28,188.36
2556,25,60,-31,188.36
2557,25,60,-34,188.36
2558,25,60,-37,188.36
2559,25,60,-40,188.36
2560,25,60,-43,188.32
2561,25,60,-46,188.36
2562,25,60,-49,188.36
2563,25,60,-52,188.36
2564,25,60,-55,188.36
2565,25,60,-58,188.36
2566,25,60,-61,188.4
2567,25,60,-64,188.4
2568,25,60,-67,188.44
2569,25,60,-70,188.44
2570,25,60,-73,188.48
2571,25,60,-76,188.48
2572,25,60,-79,188.52
2573,25,60,-82,188.56
2574,25,60,-85,188.6
2575,25,60,-88,188.6
2576,25,60,-91,188.64
2577,25,60,-94,188.72
2578,25,60,-97,188.76
2579,25,60,-100,188.76
2580,25,60,-103,188.8
2581,25,60,-106,188.88
2582,25,60,-109,188.92
2583,25,60,-112,188.92
2584,25,60,-115,188.96
2585,25,60,-118,189
2586,25,60,-121,189.08
2587,25,60,-124,189.12
2588,25,60,-127,189.24
2589,25,60,-130,189.28
2590,25,60,-133,189.36
2591,25,60,-136,189.44
2592,25,60,-139,189.48
2593,25,60,-142,189.6
2594,25,60,-145,189.64
2595,25,60,-148,189.72
2596,25,60,-151,189.8
2597,25,60,-154,189.88
2598,25,60,-157,190
2599,25,60,-160,190.04
2600,25,60,-163,190.08
2601,25,60,-166,190.12
2602,25,60,-169,190.28
2603,25,60,-172,190.32
2604,25,60,-175,190.4
2605,25,60,-178,190.52
2606,25,60,-181,190.64
2607,25,60,-184,190.72
2608,25,60,-187,190.84
2609,25,60,-190,191
2610,25,60,-193,191
2611,25,60,-196,191.24
2612,25,60,-199,191.4
2613,25,60,-202,191.48
2614,25,60,-205,191.6
2615,25,60,-208,191.76
2616,25,60,-211,191.88
2617,25,60,-214,192.08
2618,25,60,-217,192.2
2619,25,60,-220,192.36
2620,25,60,-223,192.52
2621,25,60,-226,192.68
2622,25,60,-229,192.84
2623,25,60,-232,193
2624,25,60,-235,193.2
2625,25,60,-238,193.36
2626,25,60,-241,193.52
2627,25,60,-244,193.68
2628,25,60,-247,193.88
2629,25,60,-250,194.04
2630,25,60,-253,194.24
2631,25,60,-256,194.4
2632,25,60,-259,194.52
2633,25,60,-262,194.68
2634,25,60,-265,194.84
2635,25,60,-268,194.96
2636,25,60,-271,195.12
2637,25,60,-274,195.24
2638,25,60,-277,195.44
2639,25,60,-280,195.56
2640,25,60,-283,195.72
2641,25,60,-286,195.84
2642,25,60,-289,196
2643,25,60,-292,196.16
2644,25,60,-295,196.36
2645,25,60,-298,196.44
2646,25,60,-301,196.6
2647,25,60,-304,196.72
2648,25,60,-307,196.88
2649,25,60,-310,197
2650,25,60,-313,197.12
2651,25,60,-316,197.28
2652,25,60,-319,197.36
2653,25,60,-322,197.48
2654,25,60,-325,197.64
2655,25,60,-328,197.68
2656,25,60,-331,197.8
2657,25,60,-334,197.92
2658,25,60,-337,198
2659,25,60,-340,198.04
2660,25,60,-343,198.12
2661,25,60,-346,198.2
2662,25,60,-349,198.28
2663,25,60,-352,198.36
2664,25,60,-355,198.44
2665,30,0,-25,188.32
2666,30,0,-28,188.32
2667,30,0,-31,188.28
2668,30,0,-34,188.28
2669,30,0,-37,188.24
2670,30,0,-40,188.28
2671,30,0,-43,188.28
2672,30,0,-46,188.32
2673,30,0,-49,188.32
2674,30,0,-52,188.32
2675,30,0,-55,188.32
2676,30,0,-58,188.36
2677,30,0,-61,188.32
2678,30,0,-64,188.32
2679,30,0,-67,188.36
2680,30,0,-70,188.36
2681,30,0,-73,188.36
2682,30,0,-76,188.36
2683,30,0,-79,188.4
2684,30,0,-82,188.4
2685,30,0,-85,188.4
2686,30,0,-88,188.4
2687,30,0,-91,188.44
2688,30,0,-94,188.44
2689,30,0,-97,188.44
2690,30,0,-100,188.44
2691,30,0,-103,188.48
2692,30,0,-106,188.6
2693,30,0,-109,188.68
2694,30,0,-112,188.76
2695,30,0,-115,188.84
2696,30,0,-118,188.84
2697,30,0,-121,188.84
2698,30,0,-124,188.92
2699,30,0,-127,188.92
2700,30,0,-130,188.96
2701,30,0,-133,189
2702,30,0,-136,189.04
2703,30,0,-139,189.08
2704,30,0,-142,189.12
2705,30,0,-145,189.16
2706,30,0,-148,189.2
2707,30,0,-151,189.36
2708,30,0,-154,189.4
2709,30,0,-157,189.48
2710,30,0,-160,189.56
2711,30,0,-163,189.68
2712,30,0,-166,189.8
2713,30,0,-169,189.88
2714,30,0,-172,190
2715,30,0,-175,190.12
2716,30,0,-178,190.2
2717,30,0,-181,190.32
2718,30,0,-184,190.4
2719,30,0,-187,190.48
2720,30,0,-190,190.6
2721,30,0,-193,190.68
2722,30,0,-196,190.8
2723,30,0,-199,190.88
2724,30,0,-202,190.96
2725,30,0,-205,191.08
2726,30,0,-208,191.2
2727,30,0,-211,191.28
2728,30,0,-214,191.44
2729,30,0,-217,191.6
2730,30,0,-220,191.72
2731,30,0,-223,191.84
2732,30,0,-226,192.04
2733,30,0,-229,192.2
2734,30,0,-232,192.4
2735,30,0,-235,192.56
2736,30,0,-238,192.76
2737,30,0,-241,192.96
2738,30,0,-244,193.08
2739,30,0,-247,193.28
2740,30,0,-250,193.44
2741,30,0,-253,193.6
2742,30,0,-256,193.8
2743,30,0,-259,193.96
2744,30,0,-262,194.16
2745,30,0,-265,194.32
2746,30,0,-268,194.52
2747,30,0,-271,194.72
2748,30,0,-274,194.88
2749,30,0,-277,195.04
2750,30,0,-280,195.2
2751,30,0,-283,195.32
2752,30,0,-286,195.48
2753,30,0,-289,195.56
2754,30,0,-292,195.72
2755,30,0,-295,195.84
2756,30,0,-298,196
2757,30,0,-301,196.12
2758,30,0,-304,196.24
2759,30,0,-307,196.32
2760,30,0,-310,196.44
2761,30,0,-313,196.56
2762,30,0,-316,196.72
2763,30,0,-319,196.84
2764,30,0,-322,197.04
2765,30,0,-325,197.24
2766,30,0,-328,197.44
2767,30,0,-331,197.6
2768,30,0,-334,197.68
2769,30,0,-337,197.8
2770,30,0,-340,197.92
2771,30,0,-343,198
2772,30,0,-346,198.08
2773,30,0,-349,198.16
2774,30,0,-352,198.24
2775,30,0,-355,198.28
2776,30,20,-25,188.32
2777,30,20,-28,188.28
2778,30,20,-31,188.32
2779,30,20,-34,188.28
2780,30,20,-37,188.32
2781,30,20,-40,188.32
2782,30,20,-43,188.28
2783,30,20,-46,188.32
2784,30,20,-49,188.32
2785,30,20,-52,188.32
2786,30,20,-55,188.32
2787,30,20,-58,188.32
2788,30,20,-61,188.32
2789,30,20,-64,188.32
2790,30,20,-67,188.32
2791,30,20,-70,188.36
2792,30,20,-73,188.36
2793,30,20,-76,188.4
2794,30,20,-79,188.4
2795,30,20,-82,188.4
2796,30,20,-85,188.4
2797,30,20,-88,188.44
2798,30,20,-91,188.44
2799,30,20,-94,188.44
2800,30,20,-97,188.52
2801,30,20,-100,188.56
2802,30,20,-103,188.56
2803,30,20,-106,188.64
2804,30,20,-109,188.64
2805,30,20,-112,188.72
2806,30,20,-115,188.76
2807,30,20,-118,188.8
2808,30,20,-121,188.88
2809,30,20,-124,188.88
2810,30,20,-127,188.92
2811,30,20,-130,189
2812,30,20,-133,189
2813,30,20,-136,189.04
2814,30,20,-139,189.08
2815,30,20,-142,189.12
2816,30,20,-145,189.2
2817,30,20,-148,189.28
2818,30,20,-151,189.36
2819,30,20,-154,189.44
2820,30,20,-157,189.52
2821,30,20,-160,189.64
2822,30,20,-163,189.68
2823,30,20,-166,189.8
2824,30,20,-169,189.88
2825,30,20,-172,189.96
2826,30,20,-175,190.08
2827,30,20,-178,190.2
2828,30,20,-181,190.28
2829,30,20,-184,190.36
2830,30,20,-187,190.44
2831,30,20,-190,190.56
2832,30,20,-193,190.64
2833,30,20,-196,190.76
2834,30,20,-199,190.88
2835,30,20,-202,190.96
2836,30,20,-205,191
2837,30,20,-208,191.2
2838,30,20,-211,191.32
2839,30,20,-214,191.48
2840,30,20,-217,191.6
2841,30,20,-220,191.72
2842,30,20,-223,191.84
2843,30,20,-226,192
2844,30,20,-229,192.2
2845,30,20,-232,192.36
2846,30,20,-235,192.52
2847,30,20,-238,192.72
2848,30,20,-241,192.92
2849,30,20,-244,193.08
2850,30,20,-247,193.24
2851,30,20,-250,193.48
2852,30,20,-253,193.6
2853,30,20,-256,193.8
2854,30,20,-259,193.96
2855,30,20,-262,194.12
2856,30,20,-265,194.28
2857,30,20,-268,194.48
2858,30,20,-271,194.6
2859,30,20,-274,194.8
2860,30,20,-277,194.96
2861,30,20,-280,195.12
2862,30,20,-283,195.24
2863,30,20,-286,195.4
2864,30,20,-289,195.52
2865,30,20,-292,195.64
2866,30,20,-295,195.8
2867,30,20,-298,195.96
2868,30,20,-301,196.08
2869,30,20,-304,196.24
2870,30,20,-307,196.4
2871,30,20,-310,196.56
2872,30,20,-313,196.72
2873,30,20,-316,196.8
2874,30,20,-319,196.96
2875,30,20,-322,197.08
2876,30,20,-325,197.2
2877,30,20,-328,197.32
2878,30,20,-331,197.44
2879,30,20,-334,197.56
2880,30,20,-337,197.64
2881,30,20,-340,197.72
2882,30,20,-343,197.88
2883,30,20,-346,197.96
2884,30,20,-349,198.04
2885,30,20,-352,198.12
2886,30,20,-355,198.16
2887,30,40,-25,188.28
2888,30,40,-28,188.28
2889,30,40,-31,188.28
2890,30,40,-34,188.28
2891,30,40,-37,188.28
2892,30,40,-40,188.24
2893,30,40,-43,188.28
2894,30,40,-46,188.28
2895,30,40,-49,188.28
2896,30,40,-52,188.28
2897,30,40,-55,188.32
2898,30,40,-58,188.28
2899,30,40,-61,188.28
2900,30,40,-64,188.32
2901,30,40,-67,188.32
2902,30,40,-70,188.32
2903,30,40,-73,188.36
2904,30,40,-76,188.36
2905,30,40,-79,188.36
2906,30,40,-82,188.4
2907,30,40,-85,188.44
2908,30,40,-88,188.44
2909,30,40,-91,188.48
2910,30,40,-94,188.52
2911,30,40,-97,188.56
2912,30,40,-100,188.56
2913,30,40,-103,188.6
2914,30,40,-106,188.64
2915,30,40,-109,188.68
2916,30,40,-112,188.72
2917,30,40,-115,188.76
2918,30,40,-118,188.76
2919,30,40,-121,188.84
2920,30,40,-124,188.84
2921,30,40,-127,188.88
2922,30,40,-130,188.96
2923,30,40,-133,189
2924,30,40,-136,189.04
2925,30,40,-139,189.12
2926,30,40,-142,189.16
2927,30,40,-145,189.2
2928,30,40,-148,189.28
2929,30,40,-151,189.36
2930,30,40,-154,189.44
2931,30,40,-157,189.52
2932,30,40,-160,189.6
2933,30,40,-163,189.68
2934,30,40,-166,189.8
2935,30,40,-169,189.84
2936,30,40,-172,189.96
2937,30,40,-175,190
2938,30,40,-178,190.12
2939,30,40,-181,190.2
2940,30,40,-184,190.28
2941,30,40,-187,190.4
2942,30,40,-190,190.52
2943,30,40,-193,190.64
2944,30,40,-196,190.72
2945,30,40,-199,190.8
2946,30,40,-202,190.96
2947,30,40,-205,191.08
2948,30,40,-208,191.24
2949,30,40,-211,191.4
2950,30,40,-214,191.52
2951,30,40,-217,191.68
2952,30,40,-220,191.84
2953,30,40,-223,191.92
2954,30,40,-226,192.12
2955,30,40,-229,192.28
2956,30,40,-232,192.44
2957,30,40,-235,192.6
2958,30,40,-238,192.72
2959,30,40,-241,192.92
2960,30,40,-244,193.08
2961,30,40,-247,193.28
2962,30,40,-250,193.48
2963,30,40,-253,193.64
2964,30,40,-256,193.8
2965,30,40,-259,193.96
2966,30,40,-262,194.12
2967,30,40,-265,194.28
2968,30,40,-268,194.44
2969,30,40,-271,194.6
2970,30,40,-274,194.76
2971,30,40,-277,194.88
2972,30,40,-280,195
2973,30,40,-283,195.2
2974,30,40,-286,195.4
2975,30,40,-289,195.56
2976,30,40,-292,195.76
2977,30,40,-295,195.96
2978,30,40,-298,196.08
2979,30,40,-301,196.2
2980,30,40,-304,196.36
2981,30,40,-307,196.48
2982,30,40,-310,196.6
2983,30,40,-313,196.76
2984,30,40,-316,196.88
2985,30,40,-319,197
2986,30,40,-322,197.08
2987,30,40,-325,197.2
2988,30,40,-328,197.32
2989,30,40,-331,197.36
2990,30,40,-334,197.44
2991,30,40,-337,197.56
2992,30,40,-340,197.6
2993,30,40,-343,197.76
2994,30,40,-346,197.84
2995,30,40,-349,197.92
2996,30,40,-352,198
2997,30,40,-355,198.08
2998,30,60,-25,188.24
2999,30,60,-28,188.32
3000,30,60,-31,188.28
3001,30,60,-34,188.32
3002,30,60,-37,188.28
3003,30,60,-40,188.28
3004,30,60,-43,188.28
3005,30,60,-46,188.28
3006,30,60,-49,188.28
3007,30,60,-52,188.32
3008,30,60,-55,188.28
3009,30,60,-58,188.28
3010,30,60,-61,188.32
3011,30,60,-64,188.32
3012,30,60,-67,188.32
3013,30,60,-70,188.36
3014,30,60,-73,188.36
3015,30,60,-76,188.4
3016,30,60,-79,188.4
3017,30,60,-82,188.4
3018,30,60,-85,188.4
3019,30,60,-88,188.4
3020,30,60,-91,188.48
3021,30,60,-94,188.52
3022,30,60,-97,188.56
3023,30,60,-100,188.52
3024,30,60,-103,188.6
3025,30,60,-106,188.6
3026,30,60,-109,188.64
3027,30,60,-112,188.68
3028,30,60,-115,188.72
3029,30,60,-118,188.72
3030,30,60,-121,188.8
3031,30,60,-124,188.84
3032,30,60,-127,188.84
3033,30,60,-130,188.92
3034,30,60,-133,188.96
3035,30,60,-136,189.04
3036,30,60,-139,189.08
3037,30,60,-142,189.16
3038,30,60,-145,189.2
3039,30,60,-148,189.24
3040,30,60,-151,189.36
3041,30,60,-154,189.44
3042,30,60,-157,189.52
3043,30,60,-160,189.64
3044,30,60,-163,189.68
3045,30,60,-166,189.76
3046,30,60,-169,189.88
3047,30,60,-172,189.92
3048,30,60,-175,190.04
3049,30,60,-178,190.12
3050,30,60,-181,190.2
3051,30,60,-184,190.28
3052,30,60,-187,190.4
3053,30,60,-190,190.52
3054,30,60,-193,190.64
3055,30,60,-196,190.72
3056,30,60,-199,190.84
3057,30,60,-202,191
3058,30,60,-205,191.08
3059,30,60,-208,191.24
3060,30,60,-211,191.4
3061,30,60,-214,191.48
3062,30,60,-217,191.68
3063,30,60,-220,191.76
3064,30,60,-223,191.92
3065,30,60,-226,192.12
3066,30,60,-229,192.24
3067,30,60,-232,192.4
3068,30,60,-235,192.6
3069,30,60,-238,192.68
3070,30,60,-241,192.88
3071,30,60,-244,193.08
3072,30,60,-247,193.28
3073,30,60,-250,193.44
3074,30,60,-253,193.6
3075,30,60,-256,193.76
3076,30,60,-259,193.96
3077,30,60,-262,194.12
3078,30,60,-265,194.28
3079,30,60,-268,194.48
3080,30,60,-271,194.6
3081,30,60,-274,194.72
3082,30,60,-277,194.92
3083,30,60,-280,195.08
3084,30,60,-283,195.24
3085,30,60,-286,195.4
3086,30,60,-289,195.56
3087,30,60,-292,195.72
3088,30,60,-295,195.84
3089,30,60,-298,196
3090,30,60,-301,196.2
3091,30,60,-304,196.32
3092,30,60,-307,196.4
3093,30,60,-310,196.6
3094,30,60,-313,196.72
3095,30,60,-316,196.8
3096,30,60,-319,196.96
3097,30,60,-322,197.08
3098,30,60,-325,197.12
3099,30,60,-328,197.28
3100,30,60,-331,197.36
3101,30,60,-334,197.48
3102,30,60,-337,197.56
3103,30,60,-340,197.64
3104,30,60,-343,197.76
3105,30,60,-346,197.84
3106,30,60,-349,197.92
3107,30,60,-352,198.04
3108,30,60,-355,198.12
3109,35,0,-25,188.24
3110,35,0,-28,188.24
3111,35,0,-31,188.24
3112,35,0,-34,188.28
3113,35,0,-37,188.28
3114,35,0,-40,188.28
3115,35,0,-43,188.28
3116,35,0,-46,188.28
3117,35,0,-49,188.24
3118,35,0,-52,188.28
3119,35,0,-55,188.28
3120,35,0,-58,188.28
3121,35,0,-61,188.28
3122,35,0,-64,188.28
3123,35,0,-67,188.28
3124,35,0,-70,188.28
3125,35,0,-73,188.28
3126,35,0,-76,188.28
3127,35,0,-79,188.28
3128,35,0,-82,188.32
3129,35,0,-85,188.32
3130,35,0,-88,188.32
3131,35,0,-91,188.36
3132,35,0,-94,188.32
3133,35,0,-97,188.36
3134,35,0,-100,188.36
3135,35,0,-103,188.36
3136,35,0,-106,188.4
3137,35,0,-109,188.4
3138,35,0,-112,188.4
3139,35,0,-115,188.4
3140,35,0,-118,188.4
3141,35,0,-121,188.44
3142,35,0,-124,188.48
3143,35,0,-127,188.64
3144,35,0,-130,188.68
3145,35,0,-133,188.72
3146,35,0,-136,188.76
3147,35,0,-139,188.8
3148,35,0,-142,188.84
3149,35,0,-145,188.88
3150,35,0,-148,188.92
3151,35,0,-151,188.96
3152,35,0,-154,189
3153,35,0,-157,189.08
3154,35,0,-160,189.12
3155,35,0,-163,189.16
3156,35,0,-166,189.2
3157,35,0,-169,189.28
3158,35,0,-172,189.4
3159,35,0,-175,189.52
3160,35,0,-178,189.64
3161,35,0,-181,189.76
3162,35,0,-184,189.88
3163,35,0,-187,189.96
3164,35,0,-190,190.08
3165,35,0,-193,190.2
3166,35,0,-196,190.32
3167,35,0,-199,190.4
3168,35,0,-202,190.52
3169,35,0,-205,190.6
3170,35,0,-208,190.72
3171,35,0,-211,190.84
3172,35,0,-214,190.92
3173,35,0,-217,191.04
3174,35,0,-220,191.16
3175,35,0,-223,191.24
3176,35,0,-226,191.4
3177,35,0,-229,191.48
3178,35,0,-232,191.68
3179,35,0,-235,191.84
3180,35,0,-238,192
3181,35,0,-241,192.16
3182,35,0,-244,192.36
3183,35,0,-247,192.52
3184,35,0,-250,192.72
3185,35,0,-253,192.88
3186,35,0,-256,193.04
3187,35,0,-259,193.2
3188,35,0,-262,193.4
3189,35,0,-265,193.6
3190,35,0,-268,193.8
3191,35,0,-271,193.96
3192,35,0,-274,194.16
3193,35,0,-277,194.32
3194,35,0,-280,194.52
3195,35,0,-283,194.68
3196,35,0,-286,194.84
3197,35,0,-289,195
3198,35,0,-292,195.16
3199,35,0,-295,195.28
3200,35,0,-298,195.48
3201,35,0,-301,195.56
3202,35,0,-304,195.68
3203,35,0,-307,195.84
3204,35,0,-310,195.96
3205,35,0,-313,196.08
3206,35,0,-316,196.16
3207,35,0,-319,196.36
3208,35,0,-322,196.48
3209,35,0,-325,196.6
3210,35,0,-328,196.76
3211,35,0,-331,196.96
3212,35,0,-334,197.16
3213,35,0,-337,197.36
3214,35,0,-340,197.48
3215,35,0,-343,197.6
3216,35,0,-346,197.64
3217,35,0,-349,197.8
3218,35,0,-352,197.88
3219,35,0,-355,197.92
3220,35,20,-25,188.28
3221,35,20,-28,188.28
3222,35,20,-31,188.28
3223,35,20,-34,188.28
3224,35,20,-37,188.28
3225,35,20,-40,188.28
3226,35,20,-43,188.28
3227,35,20,-46,188.28
3228,35,20,-49,188.28
3229,35,20,-52,188.28
3230,35,20,-55,188.28
3231,35,20,-58,188.28
3232,35,20,-61,188.28
3233,35,20,-64,188.28
3234,35,20,-67,188.28
3235,35,20,-70,188.28
3236,35,20,-73,188.32
3237,35,20,-76,188.32
3238,35,20,-79,188.32
3239,35,20,-82,188.32
3240,35,20,-85,188.32
3241,35,20,-88,188.32
3242,35,20,-91,188.32
3243,35,20,-94,188.32
3244,35,20,-97,188.36
3245,35,20,-100,188.36
3246,35,20,-103,188.4
3247,35,20,-106,188.36
3248,35,20,-109,188.44
3249,35,20,-112,188.48
3250,35,20,-115,188.52
3251,35,20,-118,188.56
3252,35,20,-121,188.6
3253,35,20,-124,188.6
3254,35,20,-127,188.64
3255,35,20,-130,188.72
3256,35,20,-133,188.72
3257,35,20,-136,188.76
3258,35,20,-139,188.76
3259,35,20,-142,188.88
3260,35,20,-145,188.88
3261,35,20,-148,188.92
3262,35,20,-151,188.92
3263,35,20,-154,189
3264,35,20,-157,189.04
3265,35,20,-160,189.12
3266,35,20,-163,189.16
3267,35,20,-166,189.2
3268,35,20,-169,189.32
3269,35,20,-172,189.44
3270,35,20,-175,189.52
3271,35,20,-178,189.64
3272,35,20,-181,189.72
3273,35,20,-184,189.84
3274,35,20,-187,189.96
3275,35,20,-190,190.04
3276,35,20,-193,190.16
3277,35,20,-196,190.24
3278,35,20,-199,190.36
3279,35,20,-202,190.48
3280,35,20,-205,190.56
3281,35,20,-208,190.68
3282,35,20,-211,190.76
3283,35,20,-214,190.88
3284,35,20,-217,190.96
3285,35,20,-220,191.12
3286,35,20,-223,191.24
3287,35,20,-226,191.44
3288,35,20,-229,191.48
3289,35,20,-232,191.72
3290,35,20,-235,191.8
3291,35,20,-238,191.96
3292,35,20,-241,192.16
3293,35,20,-244,192.28
3294,35,20,-247,192.52
3295,35,20,-250,192.64
3296,35,20,-253,192.84
3297,35,20,-256,193.04
3298,35,20,-259,193.24
3299,35,20,-262,193.4
3300,35,20,-265,193.6
3301,35,20,-268,193.8
3302,35,20,-271,193.92
3303,35,20,-274,194.16
3304,35,20,-277,194.32
3305,35,20,-280,194.52
3306,35,20,-283,194.68
3307,35,20,-286,194.8
3308,35,20,-289,194.96
3309,35,20,-292,195.12
3310,35,20,-295,195.24
3311,35,20,-298,195.4
3312,35,20,-301,195.56
3313,35,20,-304,195.72
3314,35,20,-307,195.88
3315,35,20,-310,196.04
3316,35,20,-313,196.16
3317,35,20,-316,196.36
3318,35,20,-319,196.44
3319,35,20,-322,196.6
3320,35,20,-325,196.76
3321,35,20,-328,196.84
3322,35,20,-331,196.96
3323,35,20,-334,197.08
3324,35,20,-337,197.2
3325,35,20,-340,197.32
3326,35,20,-343,197.44
3327,35,20,-346,197.52
3328,35,20,-349,197.6
3329,35,20,-352,197.72
3330,35,20,-355,197.8
3331,35,40,-25,188.24
3332,35,40,-28,188.24
3333,35,40,-31,188.24
3334,35,40,-34,188.24
3335,35,40,-37,188.28
3336,35,40,-40,188.24
3337,35,40,-43,188.24
3338,35,40,-46,188.28
3339,35,40,-49,188.24
3340,35,40,-52,188.24
3341,35,40,-55,188.24
3342,35,40,-58,188.28
3343,35,40,-61,188.24
3344,35,40,-64,188.24
3345,35,40,-67,188.24
3346,35,40,-70,188.24
3347,35,40,-73,188.28
3348,35,40,-76,188.28
3349,35,40,-79,188.28
3350,35,40,-82,188.28
3351,35,40,-85,188.32
3352,35,40,-88,188.32
3353,35,40,-91,188.36
3354,35,40,-94,188.36
3355,35,40,-97,188.4
3356,35,40,-100,188.36
3357,35,40,-103,188.4
3358,35,40,-106,188.44
3359,35,40,-109,188.44
3360,35,40,-112,188.52
3361,35,40,-115,188.56
3362,35,40,-118,188.56
3363,35,40,-121,188.6
3364,35,40,-124,188.64
3365,35,40,-127,188.64
3366,35,40,-130,188.72
3367,35,40,-133,188.68
3368,35,40,-136,188.72
3369,35,40,-139,188.76
3370,35,40,-142,188.76
3371,35,40,-145,188.8
3372,35,40,-148,188.84
3373,35,40,-151,188.88
3374,35,40,-154,188.96
3375,35,40,-157,189.04
3376,35,40,-160,189.08
3377,35,40,-163,189.12
3378,35,40,-166,189.2
3379,35,40,-169,189.28
3380,35,40,-172,189.36
3381,35,40,-175,189.48
3382,35,40,-178,189.56
3383,35,40,-181,189.64
3384,35,40,-184,189.76
3385,35,40,-187,189.84
3386,35,40,-190,189.96
3387,35,40,-193,190.04
3388,35,40,-196,190.12
3389,35,40,-199,190.24
3390,35,40,-202,190.36
3391,35,40,-205,190.48
3392,35,40,-208,190.6
3393,35,40,-211,190.76
3394,35,40,-214,190.88
3395,35,40,-217,191.04
3396,35,40,-220,191.16
3397,35,40,-223,191.32
3398,35,40,-226,191.48
3399,35,40,-229,191.6
3400,35,40,-232,191.76
3401,35,40,-235,191.92
3402,35,40,-238,192.12
3403,35,40,-241,192.24
3404,35,40,-244,192.4
3405,35,40,-247,192.6
3406,35,40,-250,192.72
3407,35,40,-253,192.92
3408,35,40,-256,193.08
3409,35,40,-259,193.28
3410,35,40,-262,193.44
3411,35,40,-265,193.6
3412,35,40,-268,193.72
3413,35,40,-271,193.92
3414,35,40,-274,194.12
3415,35,40,-277,194.28
3416,35,40,-280,194.32
3417,35,40,-283,194.6
3418,35,40,-286,194.76
3419,35,40,-289,195
3420,35,40,-292,195.2
3421,35,40,-295,195.36
3422,35,40,-298,195.52
3423,35,40,-301,195.72
3424,35,40,-304,195.84
3425,35,40,-307,196
3426,35,40,-310,196.12
3427,35,40,-313,196.28
3428,35,40,-316,196.4
3429,35,40,-319,196.44
3430,35,40,-322,196.6
3431,35,40,-325,196.72
3432,35,40,-328,196.76
3433,35,40,-331,196.96
3434,35,40,-334,197.04
3435,35,40,-337,197.12
3436,35,40,-340,197.24
3437,35,40,-343,197.32
3438,35,40,-346,197.4
3439,35,40,-349,197.48
3440,35,40,-352,197.6
3441,35,40,-355,197.64
3442,35,60,-25,188.24
3443,35,60,-28,188.24
3444,35,60,-31,188.24
3445,35,60,-34,188.24
3446,35,60,-37,188.24
3447,35,60,-40,188.24
3448,35,60,-43,188.24
3449,35,60,-46,188.24
3450,35,60,-49,188.24
3451,35,60,-52,188.24
3452,35,60,-55,188.24
3453,35,60,-58,188.24
3454,35,60,-61,188.24
3455,35,60,-64,188.24
3456,35,60,-67,188.24
3457,35,60,-70,188.24
3458,35,60,-73,188.24
3459,35,60,-76,188.24
3460,35,60,-79,188.28
3461,35,60,-82,188.28
3462,35,60,-85,188.32
3463,35,60,-88,188.32
3464,35,60,-91,188.32
3465,35,60,-94,188.32
3466,35,60,-97,188.36
3467,35,60,-100,188.4
3468,35,60,-103,188.44
3469,35,60,-106,188.44
3470,35,60,-109,188.48
3471,35,60,-112,188.52
3472,35,60,-115,188.56
3473,35,60,-118,188.56
3474,35,60,-121,188.6
3475,35,60,-124,188.64
3476,35,60,-127,188.64
3477,35,60,-130,188.68
3478,35,60,-133,188.72
3479,35,60,-136,188.72
3480,35,60,-139,188.76
3481,35,60,-142,188.76
3482,35,60,-145,188.8
3483,35,60,-148,188.92
3484,35,60,-151,188.92
3485,35,60,-154,188.96
3486,35,60,-157,189.04
3487,35,60,-160,189.12
3488,35,60,-163,189.2
3489,35,60,-166,189.28
3490,35,60,-169,189.36
3491,35,60,-172,189.44
3492,35,60,-175,189.52
3493,35,60,-178,189.6
3494,35,60,-181,189.72
3495,35,60,-184,189.84
3496,35,60,-187,189.92
3497,35,60,-190,190
3498,35,60,-193,190.08
3499,35,60,-196,190.2
3500,35,60,-199,190.28
3501,35,60,-202,190.4
3502,35,60,-205,190.52
3503,35,60,-208,190.68
3504,35,60,-211,190.76
3505,35,60,-214,190.92
3506,35,60,-217,191.04
3507,35,60,-220,191.16
3508,35,60,-223,191.32
3509,35,60,-226,191.48
3510,35,60,-229,191.6
3511,35,60,-232,191.76
3512,35,60,-235,191.92
3513,35,60,-238,192.08
3514,35,60,-241,192.16
3515,35,60,-244,192.36
3516,35,60,-247,192.56
3517,35,60,-250,192.72
3518,35,60,-253,192.92
3519,35,60,-256,193.08
3520,35,60,-259,193.24
3521,35,60,-262,193.4
3522,35,60,-265,193.6
3523,35,60,-268,193.8
3524,35,60,-271,193.96
3525,35,60,-274,194.16
3526,35,60,-277,194.32
3527,35,60,-280,194.52
3528,35,60,-283,194.68
3529,35,60,-286,194.88
3530,35,60,-289,195.04
3531,35,60,-292,195.2
3532,35,60,-295,195.36
3533,35,60,-298,195.56
3534,35,60,-301,195.64
3535,35,60,-304,195.84
3536,35,60,-307,195.96
3537,35,60,-310,196.08
3538,35,60,-313,196.24
3539,35,60,-316,196.36
3540,35,60,-319,196.48
3541,35,60,-322,196.6
3542,35,60,-325,196.68
3543,35,60,-328,196.8
3544,35,60,-331,196.96
3545,35,60,-334,197.04
3546,35,60,-337,197.16
3547,35,60,-340,197.24
3548,35,60,-343,197.36
3549,35,60,-346,197.44
3550,35,60,-349,197.52
3551,35,60,-352,197.6
3552,35,60,-355,197.64
